Date,OTG,DSM,OTM
1993-01-01,6.58620024296397e-07,4.7088155952224e-07,8.34180127640138e-07
1993-01-02,2.91205542453099e-05,1.24850830616197e-05,1.29599702631822e-05
1993-01-03,6.51743685011752e-05,2.32904267249978e-06,1.44086084219452e-06
1993-01-04,5.14963147679737e-08,7.65911463531666e-05,0.00013009097892791
1993-01-05,2.56807124969782e-05,8.52124503580853e-05,8.87057249201462e-05
1993-01-06,3.21288789564278e-05,2.95930858555948e-05,3.64057195838541e-05
1993-01-07,1.05774406620185e-05,2.02929254555784e-06,3.28878718391934e-06
1993-01-08,2.12055098813835e-07,4.6312243284774e-07,1.37718416226562e-06
1993-01-09,1.25941578517086e-05,0,0
1993-01-10,0,5.60054047582526e-07,5.87027273013518e-07
1993-01-11,0,0,0
1993-01-12,0,0,0
1993-01-13,3.44443355970725e-06,0,0
1993-01-14,1.13744199552457e-05,1.16440969577525e-06,2.25819667321048e-06
1993-01-15,1.44463683682261e-07,1.42950511872186e-06,4.14822534366976e-06
1993-01-16,0,1.80144252226455e-05,2.99560106213903e-05
1993-01-17,4.55945337307639e-06,2.44747916440247e-05,2.13274124689633e-05
1993-01-18,8.18838725535898e-06,2.30409696087008e-05,2.08101591852028e-05
1993-01-19,1.55913738808522e-07,0,0
1993-01-20,2.64707909991557e-06,0,0
1993-01-21,6.1438258853741e-05,7.02552824805025e-07,3.39435530349874e-07
1993-01-22,2.11160786420805e-05,2.04087955353316e-05,1.52010834426619e-05
1993-01-23,2.14653991861269e-05,1.94670747077907e-06,2.06710933525756e-06
1993-01-24,6.14812415733468e-06,8.77454658620991e-06,5.77629089093534e-06
1993-01-25,3.29224858433008e-05,2.21899222196953e-06,1.06545849121176e-06
1993-01-26,6.80447337799706e-05,4.20861482552937e-07,2.01824747136925e-07
1993-01-27,6.36440527159721e-05,7.56804130475075e-09,3.6252236768064e-09
1993-01-28,2.63066453953797e-06,0,0
1993-01-29,5.17077864969906e-07,0,0
1993-01-30,0,8.47355074995448e-09,4.04929823005773e-09
1993-01-31,0.000115387338155415,2.44837747231941e-06,1.73275009274221e-06
1993-02-01,0.000107268213469069,1.47164564623381e-06,2.39502628573973e-06
1993-02-02,0.000101760262623429,1.91371200344292e-05,9.13810981728602e-06
1993-02-03,5.27155971212778e-05,3.46788056049263e-06,1.71179522112652e-06
1993-02-04,7.05525962985121e-06,0,0
1993-02-05,1.6696605598554e-05,0,0
1993-02-06,8.3466481726191e-08,2.29490098035967e-07,6.58660894714558e-07
1993-02-07,0,1.11629924504086e-06,3.20696335620596e-06
1993-02-08,0,0,0
1993-02-09,0,0,0
1993-02-10,0,5.75203330299701e-07,1.65923427175585e-06
1993-02-11,0,3.0553152896573e-07,1.47146764106765e-07
1993-02-12,0,1.5350823900917e-07,4.44443514879822e-07
1993-02-13,0,9.15031517223497e-09,2.65482160699548e-08
1993-02-14,2.09238905313214e-07,0,0
1993-02-15,5.09978144691559e-06,0,0
1993-02-16,0,0,0
1993-02-17,2.60932324636087e-06,0,0
1993-02-18,2.17893430090044e-05,3.94780727219768e-06,1.93346818377904e-06
1993-02-19,1.08898266262258e-05,7.69747998674575e-07,8.84517021404463e-07
1993-02-20,5.38006815986591e-07,0,0
1993-02-21,0,0,0
1993-02-22,0,0,0
1993-02-23,5.21750687099143e-09,0,0
1993-02-24,5.44331555829558e-07,0,0
1993-02-25,2.73572254627652e-06,4.69693389959502e-07,2.35033184026179e-07
1993-02-26,0,8.94577738108637e-07,1.32116645090719e-06
1993-02-27,0,5.14526732331433e-07,1.55454176820058e-06
1993-02-28,8.82104359334335e-06,4.87437719129957e-05,6.03081243752968e-05
1993-03-01,1.79716807906516e-05,7.24713027011603e-05,0.000124759419122711
1993-03-02,1.56786391016794e-05,7.70281258155592e-05,7.73516003391706e-05
1993-03-03,6.21968356426805e-05,1.90079717867775e-05,2.4973716790555e-05
1993-03-04,0.000138186267577112,0.000127186416648328,7.28375089238398e-05
1993-03-05,1.79668568307534e-05,9.66662628343329e-06,9.3561711764778e-06
1993-03-06,2.10456873901421e-05,1.06441420939518e-05,2.18959321500734e-05
1993-03-07,7.15487601610221e-07,8.8426451839041e-05,0.000135746959131211
1993-03-08,0,9.16162662178976e-06,2.83791523543187e-05
1993-03-09,0,7.01217231835472e-07,2.17693150261766e-06
1993-03-10,1.3791925379536e-09,0,0
1993-03-11,0,0,0
1993-03-12,0,6.90534307068447e-07,2.15508771361783e-06
1993-03-13,0,3.62406188392228e-10,1.133515947771e-09
1993-03-14,2.74200210697018e-05,9.79300093604252e-05,0.000113660345959943
1993-03-15,4.57272617495619e-05,2.01430466404418e-05,1.50798914546613e-05
1993-03-16,3.21240368066356e-05,1.7504131392343e-05,2.27171803999227e-05
1993-03-17,5.98495935264509e-05,7.41440615570355e-08,3.88448455623802e-08
1993-03-18,0.000204686337383464,6.45508634988801e-06,3.38479571837524e-06
1993-03-19,0.000136094357003458,5.11979756367964e-08,8.22963386326592e-08
1993-03-20,6.5571912273299e-05,2.86455451714573e-05,2.20048787014093e-05
1993-03-21,3.19080645567738e-05,3.58598663297016e-05,3.12535266857594e-05
1993-03-22,1.96757409867132e-05,1.92659972526599e-05,1.86568540812004e-05
1993-03-23,3.16640876008023e-06,0,0
1993-03-24,4.04248385166284e-05,5.21056017532828e-06,2.7375060653867e-06
1993-03-25,6.51788577670232e-05,2.28939043154242e-05,1.467332822358e-05
1993-03-26,0.000114548740384635,5.51425455341814e-06,2.89555464405566e-06
1993-03-27,0.000165837234817445,2.00774466065923e-05,1.06618635982159e-05
1993-03-28,9.90285407169722e-05,1.88065369002288e-05,1.02009462352726e-05
1993-03-29,7.61472620069981e-05,1.84216241905233e-05,1.74229789990932e-05
1993-03-30,6.06326029810589e-05,1.27166094898712e-05,1.81445575435646e-05
1993-03-31,4.036679820274e-05,2.44138550442585e-06,1.27743567190919e-06
1993-04-01,1.65383753483184e-05,1.43263787322212e-06,8.58748990140157e-07
1993-04-02,1.70620251083164e-06,0,0
1993-04-03,1.04854552773759e-05,9.21671835385496e-06,2.88348874164512e-05
1993-04-04,2.88683404505719e-05,2.93582452286501e-05,4.58468784927391e-05
1993-04-05,1.54296722030267e-05,8.85148801899049e-06,1.69275426742388e-05
1993-04-06,5.64505171496421e-05,2.69827287411317e-05,2.30142686632462e-05
1993-04-07,4.88818295707461e-05,1.53882519953186e-05,9.38184530241415e-06
1993-04-08,9.07129287952557e-06,1.86066620244674e-06,1.14318527266732e-06
1993-04-09,1.48445742524927e-05,4.07658444601111e-06,2.65589142145473e-06
1993-04-10,6.17423938820139e-06,7.52466746689606e-07,1.04193691186083e-06
1993-04-11,1.91067229025066e-05,2.39692763415178e-08,7.40202850124661e-08
1993-04-12,0,0,0
1993-04-13,0,0,0
1993-04-14,0,0,0
1993-04-15,0,3.72883732779883e-08,1.14245708005001e-07
1993-04-16,0,2.45674323195999e-06,7.51154175304691e-06
1993-04-17,2.21201335079968e-05,9.93076100712642e-05,0.000154670415213332
1993-04-18,5.88189031986985e-05,2.60440883721458e-05,1.73171811184147e-05
1993-04-19,2.90354910248425e-05,2.96839752991218e-05,3.25962682836689e-05
1993-04-20,2.10183006856823e-05,3.21591733154492e-06,1.62492756317079e-06
1993-04-21,2.04275329451775e-05,0,0
1993-04-22,4.55143167599204e-09,0,0
1993-04-23,3.38793215632904e-05,0,0
1993-04-24,0.000118006311822683,0,0
1993-04-25,7.58480455260724e-05,1.27617868201924e-05,6.37869470665464e-06
1993-04-26,6.7737688368652e-05,4.79745140182786e-05,2.43513422901742e-05
1993-04-27,6.35526566838962e-06,1.8161390471505e-06,1.01827379239694e-06
1993-04-28,8.71910287969513e-07,0,0
1993-04-29,8.76639091984544e-07,2.7186433726456e-05,2.40909539570566e-05
1993-04-30,0,0,0
1993-05-01,0,0,0
1993-05-02,0,0,0
1993-05-03,0,0,0
1993-05-04,0,0,0
1993-05-05,2.25814574150718e-06,0,0
1993-05-06,1.05592735053506e-05,2.88862793240696e-05,1.41108021125547e-05
1993-05-07,1.69870454556076e-05,2.79913456324721e-05,6.8469213147182e-05
1993-05-08,3.47070527872972e-09,3.30807706632186e-05,4.94455853186082e-05
1993-05-09,0,1.37005581564154e-05,1.19264714157907e-05
1993-05-10,0,2.44652255787514e-06,7.11621942173224e-06
1993-05-11,0,0,0
1993-05-12,0,0,0
1993-05-13,0,2.31137740058784e-08,6.68688855398614e-08
1993-05-14,0,0,0
1993-05-15,7.16083559382241e-06,8.79463300407224e-07,2.53555162998964e-06
1993-05-16,4.54145192634314e-05,8.00820998847485e-05,9.36398064368404e-05
1993-05-17,1.41254286063486e-05,2.93654720735503e-05,5.64715373911895e-05
1993-05-18,6.43696239421843e-06,6.77707339491462e-06,6.80291304888669e-06
1993-05-19,1.75019922608044e-05,2.22394592128694e-05,2.56098337558797e-05
1993-05-20,1.95157134896817e-09,1.74890064954525e-05,2.69225147349061e-05
1993-05-21,2.8860926249763e-05,3.40371843776666e-05,4.27274353569374e-05
1993-05-22,6.96182032697834e-05,0.000105229126347695,7.56860754336231e-05
1993-05-23,6.67308922857046e-05,2.65116468654014e-05,1.31106316985097e-05
1993-05-24,5.65597438253462e-05,3.06948204524815e-05,2.014747406065e-05
1993-05-25,5.39612119609956e-05,3.93625850847457e-05,3.21611696563195e-05
1993-05-26,6.30570066277869e-05,3.27106426993851e-05,3.05089179164497e-05
1993-05-27,1.15149441626272e-05,1.91370272659697e-05,1.50340229083668e-05
1993-05-28,4.55794452136615e-06,2.95250647468492e-05,2.83607696474064e-05
1993-05-29,5.32921922058449e-06,1.64959953963262e-06,1.15314912818576e-06
1993-05-30,5.81869717279915e-05,4.65531265945174e-05,2.80250878859079e-05
1993-05-31,8.97178542800248e-05,2.80251679214416e-05,1.32173317979323e-05
1993-06-01,5.31198711541947e-05,6.91958575771423e-06,3.24178495247907e-06
1993-06-02,7.67494348110631e-05,4.71852836199105e-05,2.82549608527916e-05
1993-06-03,0.000202547904336825,4.72603387606796e-05,3.66780077456497e-05
1993-06-04,1.01409241324291e-05,2.90854643480998e-07,8.14251450265147e-07
1993-06-05,0,4.40971007265034e-07,1.23281779451645e-06
1993-06-06,0,7.71345548855607e-06,3.58913189302257e-06
1993-06-07,5.40620567335282e-06,8.87096848600777e-06,5.30984425495262e-06
1993-06-08,8.02944032329833e-06,1.14302861220494e-06,3.10790642288339e-06
1993-06-09,0,1.54590707097668e-05,2.28795015573269e-05
1993-06-10,1.71083338500466e-05,1.7878097423818e-05,8.605048606114e-06
1993-06-11,0,0,0
1993-06-12,4.23780556957354e-06,3.0376888560113e-08,8.40825293835223e-08
1993-06-13,1.64224784384714e-05,3.38927493430674e-05,4.72058927698527e-05
1993-06-14,7.35088178771548e-05,7.66909579397179e-05,8.47317933221348e-05
1993-06-15,0.000294338387902826,0.000232688427786343,0.000235602157772519
1993-06-16,0.000107189494883642,9.73442147369497e-05,0.000101877696579322
1993-06-17,3.92825313610956e-05,6.05104833084624e-05,8.68632123456337e-05
1993-06-18,1.72881172488815e-07,3.03677734336816e-06,4.31173384640715e-06
1993-06-19,5.15852007083595e-05,1.05780463854899e-05,7.22978120393236e-06
1993-06-20,3.53434334101621e-05,2.02440569410101e-05,1.85203953151358e-05
1993-06-21,7.19076488167048e-05,2.71664030151442e-05,1.79003527591703e-05
1993-06-22,2.15090003621299e-05,2.11553810913756e-06,2.33102650781802e-06
1993-06-23,2.69263855443569e-05,2.10882481042063e-05,1.1368651939847e-05
1993-06-24,0,0,0
1993-06-25,0,3.88558873964939e-09,1.05111421788706e-08
1993-06-26,2.02346600417513e-05,6.62430420561577e-06,2.98036366075394e-06
1993-06-27,0.000218065935769118,7.62105555622838e-05,6.53423558105715e-05
1993-06-28,2.99315524898702e-05,3.7464575143531e-05,2.5638106308179e-05
1993-06-29,3.1818028219277e-05,3.39036296281847e-06,3.36302628056728e-06
1993-06-30,2.00804934138432e-05,1.02818340508293e-08,1.76534804552375e-08
1993-07-01,4.49649087386206e-05,5.03446290167631e-06,2.28644739763695e-06
1993-07-02,3.56057789758779e-05,3.28226524288766e-05,2.53794114541961e-05
1993-07-03,4.54102109870291e-06,3.02396383631276e-05,2.34156650549267e-05
1993-07-04,9.1924239313812e-06,3.95618963011657e-06,7.49370292396634e-06
1993-07-05,8.2974629549426e-06,2.50906964538444e-06,6.63723221805412e-06
1993-07-06,1.67484984103794e-06,3.12253941956442e-05,3.71989372069947e-05
1993-07-07,3.581985947676e-05,8.49218395160278e-06,1.56653568410547e-05
1993-07-08,2.19072480831528e-05,1.68975248016068e-06,1.21468860925233e-06
1993-07-09,1.80571987584699e-06,0,0
1993-07-10,3.86568754038308e-05,0,0
1993-07-11,3.15868578582013e-06,3.16092013008529e-07,1.37685518097896e-07
1993-07-12,1.6108587033159e-06,1.06478910311125e-06,4.63090401581212e-07
1993-07-13,1.0358213330619e-05,0,0
1993-07-14,4.4095095290686e-06,3.9532283153676e-06,6.38194842395023e-06
1993-07-15,1.79219819074206e-06,0,0
1993-07-16,7.17034617991885e-06,5.02113562106388e-06,8.47576484375168e-06
1993-07-17,5.10824866069015e-05,1.88724552572239e-05,8.19494016468525e-06
1993-07-18,7.28800659999251e-05,5.19705236001755e-06,2.25777398554783e-06
1993-07-19,0.000205700969672762,0.000103019890957512,8.98219514056109e-05
1993-07-20,0.000108152293250896,3.93583068216685e-05,3.11336261802353e-05
1993-07-21,1.68939077411778e-05,5.40682231076062e-05,9.84757134574465e-05
1993-07-22,9.54429633566178e-05,4.36156369687524e-05,3.6375491617946e-05
1993-07-23,5.64977090107277e-05,3.49072470271494e-05,3.43414249073248e-05
1993-07-24,6.70247609377839e-05,7.77802506490843e-06,3.39338680532819e-06
1993-07-25,4.37263274477573e-08,0,0
1993-07-26,3.61588354280684e-05,3.87865293305367e-05,3.12543998006731e-05
1993-07-27,0.000171370047610253,8.04997252998874e-05,5.99599479755852e-05
1993-07-28,8.24722155812196e-05,1.76350258698221e-05,3.57741155312397e-05
1993-07-29,2.24235809582751e-05,2.08245419344166e-05,5.53499921807088e-05
1993-07-30,8.42746976559283e-06,0,0
1993-07-31,9.78753996605519e-06,1.21993816719623e-05,8.88351496541873e-06
1993-08-01,1.94337530956545e-06,3.16786099574529e-06,3.33235266225529e-06
1993-08-02,2.50527193657035e-07,7.96191734764307e-09,2.15122373248278e-08
1993-08-03,2.20866445488355e-06,0,0
1993-08-04,0,0,0
1993-08-05,0,0,0
1993-08-06,4.38944443885703e-05,3.71469359379262e-05,2.22619582928019e-05
1993-08-07,1.74936067196541e-05,2.53083413781496e-07,1.16585781029244e-07
1993-08-08,2.79919987633548e-07,0,0
1993-08-09,0,0,0
1993-08-10,0,0,0
1993-08-11,0,0,0
1993-08-12,0,0,0
1993-08-13,0,0,0
1993-08-14,3.40130235088054e-09,0,0
1993-08-15,9.00923069480086e-08,0,0
1993-08-16,0,0,0
1993-08-17,0,6.58683916299196e-08,1.89902294778221e-07
1993-08-18,1.80139210215202e-07,7.11209850123851e-07,2.00663316718419e-06
1993-08-19,1.64126822710386e-06,7.07314611645415e-05,4.58062677353155e-05
1993-08-20,3.94251655961853e-05,4.67314239358529e-05,3.36903540301137e-05
1993-08-21,0.00011909496242879,3.48923822457436e-05,3.15632205456495e-05
1993-08-22,3.55893243977334e-05,2.615758421598e-05,1.31351680465741e-05
1993-08-23,6.03195189796679e-07,1.25415599541157e-05,6.21264052824699e-06
1993-08-24,6.47696793976138e-08,0,0
1993-08-25,0,1.71486590261338e-06,5.07076083522406e-06
1993-08-26,6.55795531656622e-07,9.72591237768938e-07,2.88335058939992e-06
1993-08-27,8.46651915242802e-12,0,0
1993-08-28,0,0,0
1993-08-29,4.40150017766428e-07,0,0
1993-08-30,1.39730741466337e-06,0,0
1993-08-31,8.87035093910527e-06,0,0
1993-09-01,0,5.30845363755361e-06,1.59443661686964e-05
1993-09-02,0,5.80791993343155e-06,1.74758079083404e-05
1993-09-03,0,1.89752227015561e-05,1.04240098153241e-05
1993-09-04,7.88454144640127e-06,2.49587998268908e-07,1.25577159337809e-07
1993-09-05,6.40916232441668e-06,4.19076013713493e-06,1.26700260807411e-05
1993-09-06,1.38558135631683e-07,0,0
1993-09-07,0,3.98366319132037e-06,1.20763952509151e-05
1993-09-08,0,1.34269566842704e-06,4.07528523282963e-06
1993-09-09,0,2.12523488585248e-07,6.45765794615727e-07
1993-09-10,0,7.57510497351177e-06,2.03286454052432e-05
1993-09-11,1.24170028357185e-05,2.08909295906778e-05,1.06008201328223e-05
1993-09-12,1.67410798894707e-05,5.96440986555535e-05,3.0301609513117e-05
1993-09-13,9.94916117633693e-05,5.91921707382426e-05,3.69942754332442e-05
1993-09-14,3.94274829886854e-05,1.65952951647341e-05,8.62918204802554e-06
1993-09-15,7.11684549514757e-07,1.22321225717315e-05,3.65085397788789e-05
1993-09-16,1.40172957685536e-07,3.02428379654884e-05,6.95463750162162e-05
1993-09-17,2.48629419274948e-07,2.18073691939935e-05,6.66680061840452e-05
1993-09-18,0,3.29334652633406e-05,9.40734971663915e-05
1993-09-19,1.45280054653085e-07,4.3395055399742e-05,5.92478063481394e-05
1993-09-20,0,4.28773955718498e-06,1.31225888253539e-05
1993-09-21,3.9655755244894e-05,0.000118930307507981,0.000175366076291539
1993-09-22,2.74018766504014e-05,5.22086957062129e-05,5.25631730852183e-05
1993-09-23,4.36878515586159e-08,4.58864406027715e-06,2.73923251370434e-06
1993-09-24,0,1.93726975794561e-07,5.93251115788007e-07
1993-09-25,0,1.00062919727861e-07,3.06424681184581e-07
1993-09-26,1.78229811353958e-06,3.3850799496804e-08,1.03656923045037e-07
1993-09-27,0.00010241011477774,5.2046952987439e-06,2.65601079263433e-06
1993-09-28,6.89844237058424e-05,2.00534850591794e-06,1.02319654615712e-06
1993-09-29,0.000230042933253571,5.08605371578597e-05,2.95424433716107e-05
1993-09-30,8.64752873894759e-05,1.54088502313243e-05,8.10338497103658e-06
1993-10-01,1.83148097221419e-06,1.62752064625238e-06,4.97885639560991e-06
1993-10-02,0,4.09110907639843e-06,1.24499520097743e-05
1993-10-03,0,1.30528428599064e-06,3.99028431274928e-06
1993-10-04,0.000143832745379768,0.000150555672007613,0.000167662874446251
1993-10-05,5.61380620638374e-05,2.22159396798816e-05,1.59851388161769e-05
1993-10-06,1.1996427019767e-05,1.42347298606182e-05,2.00150625460083e-05
1993-10-07,2.9284667562024e-06,5.13492232130375e-05,8.92205498530529e-05
1993-10-08,1.57829376234986e-07,2.91563765131286e-06,7.33397882868303e-06
1993-10-09,7.85130032454617e-06,6.43353560008109e-05,7.77850145823322e-05
1993-10-10,0.000115766779344995,0.000152709442772903,0.0001531524467282
1993-10-11,1.95824177353643e-05,8.38543346617371e-05,0.000108901869680267
1993-10-12,9.72930980225328e-09,5.07404220115859e-05,7.43565615266562e-05
1993-10-13,4.11230939789675e-05,0.00017389771528542,0.000233286351431161
1993-10-14,1.80640072358074e-05,0.000132749555632472,0.000214787753066048
1993-10-15,0,0.000110212829895318,0.000127377614262514
1993-10-16,4.89330523123499e-05,5.62802670174278e-05,7.21274627721869e-05
1993-10-17,3.18163365591317e-05,3.31237752106972e-05,2.82991150015732e-05
1993-10-18,4.94749438075814e-05,7.68026620789897e-06,6.24164613327594e-06
1993-10-19,3.12236670652055e-06,5.57895816655218e-07,1.68933820532402e-06
1993-10-20,2.76932751148706e-05,5.95178342166491e-08,1.80098325586187e-07
1993-10-21,9.80168988462538e-05,3.82334701498621e-06,1.92688639799599e-06
1993-10-22,0.000287309609120712,4.71856765216216e-05,2.51264100370463e-05
1993-10-23,9.41647449508309e-05,8.41004657559097e-06,4.90736056235619e-06
1993-10-24,4.57654641650152e-05,1.08642962004524e-05,1.61666466738097e-05
1993-10-25,2.54332207987318e-05,9.59634598984849e-06,1.74626420630375e-05
1993-10-26,1.01568366517313e-06,1.45703751286419e-07,4.39149403064221e-07
1993-10-27,6.19926549916272e-06,0,0
1993-10-28,0,1.67729940585559e-05,3.45292974088807e-05
1993-10-29,0.000203342395252548,0.000235731524298899,0.000192174717085436
1993-10-30,2.39865821640706e-05,1.44093446579063e-05,1.91159433597932e-05
1993-10-31,1.71367955772439e-05,3.00772444461472e-05,2.4092181774904e-05
1993-11-01,0,3.20271828968544e-05,5.90443778492045e-05
1993-11-02,5.6360704547842e-07,7.66800440032966e-06,1.3640331417264e-05
1993-11-03,5.55102997168433e-05,3.83775404770859e-05,3.41734266839921e-05
1993-11-04,8.89020702743437e-06,3.25345786222897e-06,2.61208424490178e-06
1993-11-05,0.000159917181008495,3.20530343742576e-05,1.61489369929768e-05
1993-11-06,1.23039089885424e-05,6.40753512470837e-08,1.92174653079746e-07
1993-11-07,0,1.27057475651782e-09,3.80988218751099e-09
1993-11-08,0,0,0
1993-11-09,0,0,0
1993-11-10,2.3187775255451e-08,2.56967268796871e-07,1.2837385554576e-07
1993-11-11,9.75076636677841e-06,1.14716681309801e-06,5.73076476939605e-07
1993-11-12,0.000335049233399332,1.73775861185277e-05,1.28159881569445e-05
1993-11-13,0.00024684876552783,6.43557505100034e-05,3.34447831846774e-05
1993-11-14,0.000199098896700889,1.32680816022912e-05,6.62949378238409e-06
1993-11-15,6.06415924266912e-05,0,0
1993-11-16,4.68103353341576e-05,0.000111357192508876,8.52194498293102e-05
1993-11-17,0,4.4259646529099e-05,8.30869030323811e-05
1993-11-18,0,4.60392493550899e-06,1.38149407575838e-05
1993-11-19,0,0,0
1993-11-20,0,0,0
1993-11-21,0,0,0
1993-11-22,0,3.22716928735645e-08,1.61650852703588e-08
1993-11-23,0,1.1247760767219e-07,5.63679556364605e-08
1993-11-24,0,0,0
1993-11-25,0,7.40180041702843e-08,2.22798419713399e-07
1993-11-26,0,9.19473031046891e-09,1.03215436197956e-08
1993-11-27,0,5.48518869436521e-07,2.75494244306174e-07
1993-11-28,0,1.3155863598513e-06,6.61150068026473e-07
1993-11-29,0,0,0
1993-11-30,1.04147502497653e-05,2.09332301892573e-05,2.49907388933934e-05
1993-12-01,0,1.28604533529142e-05,1.74522028828505e-05
1993-12-02,0,3.09021501720963e-08,9.34097030835801e-08
1993-12-03,2.98919621855021e-06,1.72180829594026e-08,5.20780218948858e-08
1993-12-04,1.12446905404795e-05,3.12155151505067e-07,1.57452944904435e-07
1993-12-05,2.43213380599627e-05,3.13899306547683e-07,1.58425805807383e-07
1993-12-06,1.73128282767721e-05,0,0
1993-12-07,4.17085539083928e-05,3.85474049835466e-06,1.94766039385286e-06
1993-12-08,7.96787280705757e-05,3.1926245469549e-07,9.68367658060743e-07
1993-12-09,0.000399684213334695,7.02541292412207e-05,3.78267650376074e-05
1993-12-10,0.000128956264234148,9.56654694164172e-05,7.16864306014031e-05
1993-12-11,7.22850818419829e-05,1.8280275980942e-05,1.49987017721287e-05
1993-12-12,9.64705577644054e-06,2.71513204097573e-06,1.74293779764412e-06
1993-12-13,1.56424073338712e-06,0,0
1993-12-14,0,0,0
1993-12-15,2.92376280413009e-05,2.55328018283763e-06,1.29381533042761e-06
1993-12-16,9.05225242604502e-05,4.75571687275078e-06,2.410119805063e-06
1993-12-17,7.45951183489524e-05,1.69850445672637e-05,9.34025774768088e-06
1993-12-18,7.36134315957315e-05,4.98944609717e-06,3.16790396936995e-06
1993-12-19,4.5205291826278e-05,1.25013493743609e-05,1.26773538795533e-05
1993-12-20,2.62801640928956e-05,7.28286177036353e-05,6.83214675518684e-05
1993-12-21,1.1975856978097e-05,3.37026153829356e-06,4.88984051116859e-06
1993-12-22,4.21829245169647e-05,1.81634422915522e-05,9.19670765142655e-06
1993-12-23,5.84994540986372e-06,0,0
1993-12-24,9.30386704567354e-06,0,0
1993-12-25,7.43207738196361e-06,3.21205407090019e-05,3.32935378537513e-05
1993-12-26,1.05963208625326e-05,3.15057332045399e-05,3.18190359394066e-05
1993-12-27,1.6770172805991e-05,0,0
1993-12-28,7.07750077708624e-05,2.22676153498469e-05,1.94819895114051e-05
1993-12-29,6.25885440967977e-05,4.33081513619982e-05,3.64506413461641e-05
1993-12-30,0,0,0
1993-12-31,6.03818989475258e-05,1.88212889042916e-05,1.22938090498792e-05
