Date,DVP,MWM,OTG,AXA,BNW,CAV,CIN,CNC,DSM,EBS,EST,I75,IKV,OOA,OTM,OXV,PEA,PRO,SLB
2034-01-01 12:00:00,8.255269e-05,8.255269e-05,7.444632e-05,6.1510895e-05,2.3096249e-05,5.144905e-05,2.3096249e-05,7.040138e-06,1.1616997e-05,3.440254e-05,6.532339e-05,7.040138e-06,1.1616997e-05,7.040138e-06,7.040138e-06,8.53026e-06,8.53026e-06,1.6182756e-05,5.144905e-05
2034-01-02 12:00:00,9.477516e-06,9.477516e-06,8.852743e-06,4.9757286e-06,7.953035e-08,1.1956087e-06,7.953035e-08,1.595366e-08,2.7574172e-08,1.2889139e-07,6.6407474e-06,1.595366e-08,2.7574172e-08,1.595366e-08,1.595366e-08,1.0958111e-08,1.0958111e-08,4.8804832e-08,1.1956087e-06
2034-01-03 12:00:00,3.8687078e-05,3.8687078e-05,3.684371e-05,3.2400647e-05,1.4625603e-05,2.9558934e-05,1.4625603e-05,6.1386145e-06,8.646614e-06,2.0721243e-05,3.3263706e-05,6.1386145e-06,8.646614e-06,6.1386145e-06,6.1386145e-06,7.366354e-06,7.366354e-06,1.0945702e-05,2.9558934e-05
2034-01-04 12:00:00,1.2934601e-05,1.2934601e-05,1.2898743e-05,9.470167e-06,3.1000884e-06,6.4011538e-06,3.1000884e-06,2.3752555e-06,2.1450094e-06,4.1281523e-06,1.0742553e-05,2.3752555e-06,2.1450094e-06,2.3752555e-06,2.3752555e-06,2.0300533e-06,2.0300533e-06,2.4920557e-06,6.4011538e-06
2034-01-05 12:00:00,0.0,0.0,3.3244195e-08,1.6583432e-07,1.4661356e-07,3.1440948e-07,1.4661356e-07,3.8022567e-06,4.8323315e-08,2.404055e-07,9.568534e-08,3.8022567e-06,4.8323315e-08,3.8022567e-06,3.8022567e-06,1.7243416e-08,1.7243416e-08,8.8232404e-08,3.1440948e-07
2034-01-06 12:00:00,0.0,0.0,0.0,0.0,0.0,0.0,0.0,1.315628e-06,0.0,0.0,0.0,1.315628e-06,0.0,1.315628e-06,1.315628e-06,0.0,0.0,0.0,0.0
2034-01-07 12:00:00,0.0,0.0,5.1512754e-09,2.573779e-08,1.6920028e-07,4.8866607e-08,1.6920028e-07,1.6296217e-06,2.6154652e-07,1.0005766e-07,1.48325565e-08,1.6296217e-06,2.6154652e-07,1.6296217e-06,1.6296217e-06,3.2547467e-07,3.2547467e-07,2.1666533e-07,4.8866607e-08
2034-01-08 12:00:00,0.0,0.0,1.228256e-07,6.1422554e-07,1.0944653e-06,1.1671596e-06,1.0944653e-06,3.855095e-06,1.1319731e-06,1.1277622e-06,3.537399e-07,3.855095e-06,1.1319731e-06,3.855095e-06,3.855095e-06,1.276079e-06,1.276079e-06,1.0884963e-06,1.1671596e-06
2034-01-09 12:00:00,8.627346e-08,8.627346e-08,1.393325e-07,3.409277e-07,2.5852262e-07,5.7308733e-07,2.5852262e-07,0.0,8.144612e-08,4.2865324e-07,2.3040084e-07,0.0,8.144612e-08,0.0,0.0,2.6745132e-08,2.6745132e-08,1.5262849e-07,5.7308733e-07
2034-01-10 12:00:00,1.7531873e-08,1.7531873e-08,1.6803039e-08,9.35428e-09,0.0,1.9787472e-09,0.0,1.5239356e-09,0.0,0.0,1.25521815e-08,1.5239356e-09,0.0,1.5239356e-09,1.5239356e-09,0.0,0.0,0.0,1.9787472e-09
2034-01-11 12:00:00,4.6082396e-06,4.6082396e-06,2.8359455e-06,1.5803797e-06,0.0,3.3465514e-07,0.0,0.0,0.0,0.0,2.1190267e-06,0.0,0.0,0.0,0.0,0.0,0.0,0.0,3.3465514e-07
2034-01-12 12:00:00,7.849925e-07,7.849925e-07,3.1354298e-07,1.8349748e-07,3.814203e-08,5.528136e-08,3.814203e-08,6.3449384e-08,5.2775274e-08,2.6833856e-08,2.3844817e-07,6.3449384e-08,5.2775274e-08,6.3449384e-08,6.3449384e-08,6.410715e-08,6.410715e-08,4.551762e-08,5.528136e-08
2034-01-13 12:00:00,1.9606368e-07,1.9606368e-07,1.3499145e-08,7.53879e-09,0.0,1.600055e-09,0.0,0.0,0.0,0.0,1.0091818e-08,0.0,0.0,0.0,0.0,0.0,0.0,0.0,1.600055e-09
2034-01-14 12:00:00,0.0,0.0,0.0,0.0,0.0,0.0,0.0,0.0,0.0,0.0,0.0,0.0,0.0,0.0,0.0,0.0,0.0,0.0,0.0
2034-01-15 12:00:00,0.0,0.0,0.0,0.0,0.0,0.0,0.0,0.0,0.0,0.0,0.0,0.0,0.0,0.0,0.0,0.0,0.0,0.0,0.0
2034-01-16 12:00:00,0.0,0.0,1.7597305e-08,8.875366e-08,7.672503e-08,1.7019528e-07,7.672503e-08,0.0,2.3230058e-08,1.2868132e-07,5.0784518e-08,0.0,2.3230058e-08,0.0,0.0,7.5415905e-09,7.5415905e-09,4.4334406e-08,1.7019528e-07
2034-01-17 12:00:00,8.807494e-06,8.807494e-06,6.7839665e-06,1.1356427e-05,1.3525765e-05,1.6921498e-05,1.3525765e-05,1.8854298e-05,1.2353411e-05,1.5018783e-05,8.674016e-06,1.8854298e-05,1.2353411e-05,1.8854298e-05,1.8854298e-05,1.3396693e-05,1.3396693e-05,1.2546196e-05,1.6921498e-05
2034-01-18 12:00:00,4.894914e-05,4.894914e-05,4.161316e-05,3.1564592e-05,7.955301e-06,2.249023e-05,7.955301e-06,5.5273928e-09,2.3856974e-06,1.33771455e-05,3.5049667e-05,5.5273928e-09,2.3856974e-06,5.5273928e-09,5.5273928e-09,7.75916e-07,7.75916e-07,4.5719944e-06,2.249023e-05
2034-01-19 12:00:00,8.963499e-05,8.963499e-05,8.130302e-05,6.84923e-05,2.2101594e-05,5.8495e-05,2.2101594e-05,5.6115015e-09,6.585956e-06,3.722038e-05,7.1706265e-05,5.6115015e-09,6.585956e-06,5.6115015e-09,5.6115015e-09,2.1311562e-06,2.1311562e-06,1.2662243e-05,5.8495e-05
2034-01-20 12:00:00,7.45834e-05,7.45834e-05,6.626874e-05,3.908087e-05,1.7084362e-06,1.1770833e-05,1.7084362e-06,0.0,5.0612e-07,2.881046e-06,5.0475188e-05,0.0,5.0612e-07,0.0,0.0,1.6317435e-07,1.6317435e-07,9.759042e-07,1.1770833e-05
2034-01-21 12:00:00,8.757866e-05,8.757866e-05,7.149009e-05,4.103059e-05,6.9700644e-07,1.0194644e-05,6.9700644e-07,0.0,2.0542393e-07,1.176829e-06,5.390637e-05,0.0,2.0542393e-07,0.0,0.0,6.611589e-08,6.611589e-08,3.970768e-07,1.0194644e-05
2034-01-22 12:00:00,4.7116246e-05,4.7116246e-05,3.7775415e-05,2.2328231e-05,9.70636e-07,6.734894e-06,9.70636e-07,6.6508277e-10,2.8507776e-07,1.640276e-06,2.8786226e-05,6.6508277e-10,2.8507776e-07,6.6508277e-10,6.6508277e-10,9.209017e-08,9.209017e-08,5.51776e-07,6.734894e-06
2034-01-23 12:00:00,0.0,0.0,0.0,0.0,0.0,0.0,0.0,0.0,0.0,0.0,0.0,0.0,0.0,0.0,0.0,0.0,0.0,0.0,0.0
2034-01-24 12:00:00,0.0,0.0,0.0,0.0,2.5094315e-07,0.0,2.5094315e-07,4.95425e-07,3.9686955e-07,1.1019898e-07,0.0,4.95425e-07,3.9686955e-07,4.95425e-07,4.95425e-07,4.9025033e-07,4.9025033e-07,3.3107568e-07,0.0
2034-01-25 12:00:00,2.7202843e-08,2.7202843e-08,0.0,0.0,2.0163954e-08,0.0,2.0163954e-08,3.9198817e-08,3.17481e-08,8.862916e-09,0.0,3.9198817e-08,3.17481e-08,3.9198817e-08,3.9198817e-08,3.915708e-08,3.915708e-08,2.6542123e-08,0.0
2034-01-26 12:00:00,2.3028664e-05,2.3028664e-05,2.2029099e-05,1.25022325e-05,0.0,2.7054475e-06,0.0,0.0,0.0,0.0,1.6529304e-05,0.0,0.0,0.0,0.0,0.0,0.0,0.0,2.7054475e-06
2034-01-27 12:00:00,9.078336e-05,9.078336e-05,8.702626e-05,8.636847e-05,4.64848e-05,9.073505e-05,4.64848e-05,2.3339157e-05,2.682483e-05,6.5623215e-05,8.273016e-05,2.3339157e-05,2.682483e-05,2.3339157e-05,2.3339157e-05,2.3607536e-05,2.3607536e-05,3.40413e-05,9.073505e-05
2034-01-28 12:00:00,0.00012682857,0.00012682857,0.000116315205,7.456653e-05,8.160797e-06,3.2572938e-05,8.160797e-06,0.0,2.332056e-06,1.3867112e-05,9.1274924e-05,0.0,2.332056e-06,0.0,0.0,7.4251153e-07,7.4251153e-07,4.5758793e-06,3.2572938e-05
2034-01-29 12:00:00,3.6189194e-05,3.6189194e-05,3.182808e-05,2.0838983e-05,2.6365153e-06,9.828645e-06,2.6365153e-06,0.0,7.5081937e-07,4.482705e-06,2.5175394e-05,0.0,7.5081937e-07,0.0,0.0,2.387525e-07,2.387525e-07,1.4757538e-06,9.828645e-06
2034-01-30 12:00:00,2.0623228e-08,2.0623228e-08,4.574623e-10,2.348606e-09,2.0364654e-09,4.604869e-09,2.0364654e-09,0.0,5.781025e-10,3.4642234e-09,1.3254219e-09,0.0,5.781025e-10,0.0,0.0,1.8361408e-10,1.8361408e-10,1.1380678e-09,4.604869e-09
2034-01-31 12:00:00,5.396552e-08,5.396552e-08,3.8752237e-09,1.992035e-08,1.729486e-08,3.9123034e-08,1.729486e-08,0.0,4.8955e-09,2.943247e-08,1.1230806e-08,0.0,4.8955e-09,0.0,0.0,1.5532122e-09,1.5532122e-09,9.651256e-09,3.9123034e-08
2034-02-01 12:00:00,3.801181e-08,3.801181e-08,1.1578551e-08,6.6214274e-09,0.0,1.4473394e-09,0.0,1.2688375e-08,0.0,0.0,8.701947e-09,1.2688375e-08,0.0,1.2688375e-08,1.2688375e-08,0.0,0.0,0.0,1.4473394e-09
2034-02-02 12:00:00,2.1922293e-07,2.1922293e-07,4.8821633e-08,2.795396e-08,0.0,6.1204535e-09,0.0,0.0,0.0,0.0,3.670177e-08,0.0,0.0,0.0,0.0,0.0,0.0,0.0,6.1204535e-09
2034-02-03 12:00:00,0.0,0.0,0.0,0.0,0.0,0.0,0.0,0.0,0.0,0.0,0.0,0.0,0.0,0.0,0.0,0.0,0.0,0.0,0.0
2034-02-04 12:00:00,1.868588e-07,1.868588e-07,1.6151847e-07,9.270419e-08,0.0,2.03641e-08,0.0,0.0,0.0,0.0,1.2148367e-07,0.0,0.0,0.0,0.0,0.0,0.0,0.0,2.03641e-08
2034-02-05 12:00:00,0.0,0.0,6.5265077e-10,3.375299e-09,2.9549496e-09,6.6837798e-09,2.9549496e-09,0.0,8.2852275e-10,5.0324225e-09,1.8938746e-09,0.0,8.2852275e-10,0.0,0.0,2.619168e-10,2.619168e-10,1.6413134e-09,6.6837798e-09
2034-02-06 12:00:00,0.0,0.0,0.0,0.0,0.0,0.0,0.0,0.0,0.0,0.0,0.0,0.0,0.0,0.0,0.0,0.0,0.0,0.0,0.0
2034-02-07 12:00:00,0.0,0.0,0.0,0.0,0.0,0.0,0.0,8.0277945e-10,0.0,0.0,0.0,8.0277945e-10,0.0,8.0277945e-10,8.0277945e-10,0.0,0.0,0.0,0.0
2034-02-08 12:00:00,0.0,0.0,0.0,0.0,0.0,0.0,0.0,2.8652917e-07,0.0,0.0,0.0,2.8652917e-07,0.0,2.8652917e-07,2.8652917e-07,0.0,0.0,0.0,0.0
2034-02-09 12:00:00,0.0,0.0,0.0,0.0,0.0,0.0,0.0,0.0,0.0,0.0,0.0,0.0,0.0,0.0,0.0,0.0,0.0,0.0,0.0
2034-02-10 12:00:00,0.0,0.0,0.0,0.0,0.0,0.0,0.0,5.6026937e-07,0.0,0.0,0.0,5.6026937e-07,0.0,5.6026937e-07,5.6026937e-07,0.0,0.0,0.0,0.0
2034-02-11 12:00:00,0.0,0.0,0.0,0.0,0.0,0.0,0.0,0.0,0.0,0.0,0.0,0.0,0.0,0.0,0.0,0.0,0.0,0.0,0.0
2034-02-12 12:00:00,0.0,0.0,0.0,0.0,0.0,0.0,0.0,0.0,0.0,0.0,0.0,0.0,0.0,0.0,0.0,0.0,0.0,0.0,0.0
2034-02-13 12:00:00,0.0,0.0,0.0,0.0,0.0,0.0,0.0,0.0,0.0,0.0,0.0,0.0,0.0,0.0,0.0,0.0,0.0,0.0,0.0
2034-02-14 12:00:00,0.0,0.0,0.0,0.0,0.0,0.0,0.0,0.0,0.0,0.0,0.0,0.0,0.0,0.0,0.0,0.0,0.0,0.0,0.0
2034-02-15 12:00:00,0.0,0.0,0.0,0.0,1.249931e-09,0.0,1.249931e-09,2.4014188e-09,1.9222435e-09,5.4893134e-10,0.0,2.4014188e-09,1.9222435e-09,2.4014188e-09,2.4014188e-09,2.350995e-09,2.350995e-09,1.6265925e-09,0.0
2034-02-16 12:00:00,0.0,0.0,0.0,0.0,1.3040396e-06,0.0,1.3040396e-06,2.592519e-06,2.0107398e-06,5.7211264e-07,0.0,2.592519e-06,2.0107398e-06,2.592519e-06,2.592519e-06,2.461839e-06,2.461839e-06,1.6993195e-06,0.0
2034-02-17 12:00:00,0.0,0.0,0.0,0.0,0.0,0.0,0.0,0.0,0.0,0.0,0.0,0.0,0.0,0.0,0.0,0.0,0.0,0.0,0.0
2034-02-18 12:00:00,2.7873019e-05,2.7873019e-05,2.3640929e-05,1.382083e-05,1.8384615e-07,3.2009439e-06,1.8384615e-07,1.303408e-06,2.186533e-07,1.4622218e-07,1.7869195e-05,1.303408e-06,2.186533e-07,1.303408e-06,1.303408e-06,2.547517e-07,2.547517e-07,2.0106735e-07,3.2009439e-06
2034-02-19 12:00:00,1.4024888e-06,1.4024888e-06,1.2938442e-06,7.542597e-07,2.225662e-07,1.6920751e-07,2.225662e-07,9.806629e-07,3.4652624e-07,9.730172e-08,9.769484e-07,9.806629e-07,3.4652624e-07,9.806629e-07,9.806629e-07,4.2592004e-07,4.2592004e-07,2.914845e-07,1.6920751e-07
2034-02-20 12:00:00,0.0,0.0,1.738907e-09,9.131519e-09,8.33466e-09,1.8456824e-08,8.33466e-09,2.2704313e-08,2.3925169e-09,1.4035902e-08,5.0660107e-09,2.2704313e-08,2.3925169e-09,2.2704313e-08,2.2704313e-08,7.6354684e-10,7.6354684e-10,4.6872017e-09,1.8456824e-08
2034-02-21 12:00:00,0.0,0.0,0.0,0.0,0.0,0.0,0.0,0.0,0.0,0.0,0.0,0.0,0.0,0.0,0.0,0.0,0.0,0.0,0.0
2034-02-22 12:00:00,4.1914333e-08,4.1914333e-08,0.0,0.0,0.0,0.0,0.0,0.0,0.0,0.0,0.0,0.0,0.0,0.0,0.0,0.0,0.0,0.0,0.0
2034-02-23 12:00:00,1.4127893e-07,1.4127893e-07,0.0,0.0,0.0,0.0,0.0,5.209082e-08,0.0,0.0,0.0,5.209082e-08,0.0,5.209082e-08,5.209082e-08,0.0,0.0,0.0,0.0
2034-02-24 12:00:00,0.0,0.0,0.0,0.0,0.0,0.0,0.0,9.236635e-09,0.0,0.0,0.0,9.236635e-09,0.0,9.236635e-09,9.236635e-09,0.0,0.0,0.0,0.0
2034-02-25 12:00:00,2.579556e-05,2.579556e-05,1.669057e-05,9.858337e-06,8.190886e-08,2.383644e-06,8.190886e-08,8.188331e-10,2.4041919e-08,1.3689444e-07,1.2664896e-05,8.188331e-10,2.4041919e-08,8.188331e-10,8.188331e-10,7.740003e-09,7.740003e-09,4.6595012e-08,2.383644e-06
2034-02-26 12:00:00,2.8625247e-05,2.8625247e-05,2.968084e-05,2.7511169e-05,1.8323115e-05,2.6751473e-05,1.8323115e-05,1.610377e-05,1.5526048e-05,2.103088e-05,2.7125094e-05,1.610377e-05,1.5526048e-05,1.610377e-05,1.610377e-05,1.6434056e-05,1.6434056e-05,1.6320615e-05,2.6751473e-05
2034-02-27 12:00:00,3.0108024e-05,3.0108024e-05,2.6815822e-05,1.6597081e-05,9.041365e-07,5.4970615e-06,9.041365e-07,0.0,2.6807453e-07,1.5059205e-06,2.0702299e-05,0.0,2.6807453e-07,0.0,0.0,8.6638146e-08,8.6638146e-08,5.170203e-07,5.4970615e-06
2034-02-28 12:00:00,1.9620724e-05,1.9620724e-05,1.7347877e-05,1.0371999e-05,1.9240815e-07,2.7162316e-06,1.9240815e-07,0.0,5.7346913e-08,3.199037e-07,1.32266405e-05,0.0,5.7346913e-08,0.0,0.0,1.8570455e-08,1.8570455e-08,1.10323924e-07,2.7162316e-06
2034-03-01 12:00:00,5.3363838e-05,5.3363838e-05,4.6637702e-05,2.9249368e-05,1.9449744e-06,1.0352476e-05,1.9449744e-06,0.0,5.8277584e-07,3.2279045e-06,3.6193233e-05,0.0,5.8277584e-07,0.0,0.0,1.8909483e-07,1.8909483e-07,1.1182868e-06,1.0352476e-05
2034-03-02 12:00:00,4.2626238e-05,4.2626238e-05,4.5119406e-05,5.4111064e-05,3.4354252e-05,6.843655e-05,3.4354252e-05,1.06880425e-05,1.7024913e-05,5.0790775e-05,4.6904483e-05,1.06880425e-05,1.7024913e-05,1.06880425e-05,1.06880425e-05,1.31319375e-05,1.31319375e-05,2.3640718e-05,6.843655e-05
2034-03-03 12:00:00,5.3846667e-05,5.3846667e-05,4.83902e-05,3.812664e-05,1.1394842e-05,2.8285836e-05,1.1394842e-05,2.3587347e-06,4.920507e-06,1.7503746e-05,4.114776e-05,2.3587347e-06,4.920507e-06,2.3587347e-06,2.3587347e-06,3.2782739e-06,3.2782739e-06,7.429824e-06,2.8285836e-05
2034-03-04 12:00:00,0.00011814188,0.00011814188,0.000120504155,0.000120475,6.136084e-05,0.00012824051,6.136084e-05,1.8083158e-05,2.9859197e-05,9.117078e-05,0.000114233604,1.8083158e-05,2.9859197e-05,1.8083158e-05,1.8083158e-05,2.251209e-05,2.251209e-05,4.1960917e-05,0.00012824051
2034-03-05 12:00:00,2.4982737e-07,2.4982737e-07,3.59226e-07,7.495691e-07,7.64761e-07,1.2677413e-06,7.64761e-07,4.0687178e-07,4.862059e-07,1.0336518e-06,5.201697e-07,4.0687178e-07,4.862059e-07,4.0687178e-07,4.0687178e-07,4.4754913e-07,4.4754913e-07,5.882872e-07,1.2677413e-06
2034-03-06 12:00:00,0.0,0.0,0.0,0.0,0.0,0.0,0.0,0.0,0.0,0.0,0.0,0.0,0.0,0.0,0.0,0.0,0.0,0.0,0.0
2034-03-07 12:00:00,0.0,0.0,0.0,0.0,0.0,0.0,0.0,0.0,0.0,0.0,0.0,0.0,0.0,0.0,0.0,0.0,0.0,0.0,0.0
2034-03-08 12:00:00,0.0,0.0,0.0,0.0,0.0,0.0,0.0,0.0,0.0,0.0,0.0,0.0,0.0,0.0,0.0,0.0,0.0,0.0,0.0
2034-03-09 12:00:00,0.0,0.0,4.88394e-10,2.600886e-09,2.5301692e-09,5.318261e-09,2.5301692e-09,0.0,7.912979e-10,4.1351274e-09,1.4343795e-09,0.0,7.912979e-10,0.0,0.0,2.6074298e-10,2.6074298e-10,1.4876773e-09,5.318261e-09
2034-03-10 12:00:00,0.0,0.0,0.0,0.0,0.0,0.0,0.0,0.0,0.0,0.0,0.0,0.0,0.0,0.0,0.0,0.0,0.0,0.0,0.0
2034-03-11 12:00:00,2.0003188e-05,2.0003188e-05,1.6741244e-05,9.922697e-06,0.0,2.2557963e-06,0.0,0.0,0.0,0.0,1.2764849e-05,0.0,0.0,0.0,0.0,0.0,0.0,0.0,2.2557963e-06
2034-03-12 12:00:00,0.0,0.0,0.0,0.0,0.0,0.0,0.0,0.0,0.0,0.0,0.0,0.0,0.0,0.0,0.0,0.0,0.0,0.0,0.0
2034-03-13 12:00:00,0.0,0.0,0.0,0.0,0.0,0.0,0.0,0.0,0.0,0.0,0.0,0.0,0.0,0.0,0.0,0.0,0.0,0.0,0.0
2034-03-14 12:00:00,0.0,0.0,0.0,0.0,0.0,0.0,0.0,0.0,0.0,0.0,0.0,0.0,0.0,0.0,0.0,0.0,0.0,0.0,0.0
2034-03-15 12:00:00,0.0,0.0,0.0,0.0,1.4264273e-07,0.0,1.4264273e-07,8.1722e-07,2.4996285e-07,5.974881e-08,0.0,8.1722e-07,2.4996285e-07,8.1722e-07,8.1722e-07,3.207052e-07,3.207052e-07,1.9869907e-07,0.0
2034-03-16 12:00:00,0.0,0.0,0.0,0.0,8.105539e-08,0.0,8.105539e-08,2.2057448e-07,1.4264415e-07,3.3889233e-08,0.0,2.2057448e-07,1.4264415e-07,2.2057448e-07,2.2057448e-07,1.8325227e-07,1.8325227e-07,1.1316533e-07,0.0
2034-03-17 12:00:00,1.1635948e-06,1.1635948e-06,1.0394024e-07,5.5740287e-07,5.582564e-07,1.1418288e-06,5.582564e-07,1.766541e-08,1.8118406e-07,8.986547e-07,3.071156e-07,1.766541e-08,1.8118406e-07,1.766541e-08,1.766541e-08,6.041954e-08,6.041954e-08,3.3476036e-07,1.1418288e-06
2034-03-18 12:00:00,0.0,0.0,0.0,0.0,0.0,0.0,0.0,0.0,0.0,0.0,0.0,0.0,0.0,0.0,0.0,0.0,0.0,0.0,0.0
2034-03-19 12:00:00,0.0,0.0,3.3158107e-09,1.7814592e-08,1.7962774e-08,3.6501707e-08,1.7962774e-08,0.0,5.8741954e-09,2.8814084e-08,9.813972e-09,0.0,5.8741954e-09,0.0,0.0,1.96312e-09,1.96312e-09,1.0815322e-08,3.6501707e-08
2034-03-20 12:00:00,0.00010802015,0.00010802015,0.000102599806,9.998643e-05,9.7038785e-05,0.000102030994,9.7038785e-05,0.00014376262,0.00010916898,9.250748e-05,9.655431e-05,0.00014376262,0.00010916898,0.00014376262,0.00014376262,0.00012704868,0.00012704868,0.00010117797,0.000102030994
2034-03-21 12:00:00,3.0263438e-06,3.0263438e-06,2.7555338e-06,3.639675e-06,2.9787027e-06,4.9104074e-06,2.9787027e-06,1.7341519e-06,2.0119817e-06,3.927518e-06,3.0323476e-06,1.7341519e-06,2.0119817e-06,1.7341519e-06,1.7341519e-06,1.882027e-06,1.882027e-06,2.3678815e-06,4.9104074e-06
2034-03-22 12:00:00,7.2444154e-06,7.2444154e-06,2.7097478e-06,4.4614126e-06,1.5048164e-05,6.835091e-06,1.5048164e-05,3.9608214e-05,2.2284885e-05,1.0071879e-05,3.387989e-06,3.9608214e-05,2.2284885e-05,3.9608214e-05,3.9608214e-05,2.7771857e-05,2.7771857e-05,1.862957e-05,6.835091e-06
2034-03-23 12:00:00,1.4540727e-07,1.4540727e-07,0.0,0.0,0.0,0.0,0.0,0.0,0.0,0.0,0.0,0.0,0.0,0.0,0.0,0.0,0.0,0.0,0.0
2034-03-24 12:00:00,9.914951e-05,9.914951e-05,0.00010562824,0.00013015472,8.492132e-05,0.00016657154,8.492132e-05,1.9410121e-05,3.993146e-05,0.0001257596,0.000112070986,1.9410121e-05,3.993146e-05,1.9410121e-05,1.9410121e-05,2.7167534e-05,2.7167534e-05,5.7993242e-05,0.00016657154
2034-03-25 12:00:00,1.5121195e-06,1.5121195e-06,0.0,0.0,0.0,0.0,0.0,0.0,0.0,0.0,0.0,0.0,0.0,0.0,0.0,0.0,0.0,0.0,0.0
2034-03-26 12:00:00,0.0,0.0,1.9133386e-06,1.0348416e-05,1.06613925e-05,2.1215154e-05,1.06613925e-05,2.6963578e-09,3.5575556e-06,1.6914784e-05,5.6985723e-06,2.6963578e-09,3.5575556e-06,2.6963578e-09,2.6963578e-09,1.1945567e-06,1.1945567e-06,6.4900773e-06,2.1215154e-05
2034-03-27 12:00:00,1.5111419e-06,1.5111419e-06,3.8875864e-06,1.4072656e-05,1.3655875e-05,2.7263228e-05,1.3655875e-05,4.366655e-08,4.5926427e-06,2.1614755e-05,8.389003e-06,4.366655e-08,4.5926427e-06,4.366655e-08,4.366655e-08,1.5736592e-06,1.5736592e-06,8.336981e-06,2.7263228e-05
2034-03-28 12:00:00,3.718011e-06,3.718011e-06,2.1059234e-06,4.8586576e-06,2.8544137e-05,8.468903e-06,2.8544137e-05,6.810122e-05,4.5831912e-05,1.6613389e-05,3.2766227e-06,6.810122e-05,4.5831912e-05,6.810122e-05,6.810122e-05,5.8046357e-05,5.8046357e-05,3.722976e-05,8.468903e-06
2034-03-29 12:00:00,5.786e-05,5.786e-05,5.4352324e-05,6.06874e-05,4.205434e-05,7.109459e-05,4.205434e-05,2.3194722e-05,2.8159875e-05,5.542859e-05,5.489806e-05,2.3194722e-05,2.8159875e-05,2.3194722e-05,2.3194722e-05,2.5982823e-05,2.5982823e-05,3.3350414e-05,7.109459e-05
2034-03-30 12:00:00,6.110007e-06,6.110007e-06,5.7032935e-06,3.9612696e-06,9.1390183e-07,1.9701154e-06,9.1390183e-07,8.027373e-07,7.612187e-07,1.086941e-06,4.658751e-06,8.027373e-07,7.612187e-07,8.027373e-07,8.027373e-07,7.8985124e-07,7.8985124e-07,8.0630883e-07,1.9701154e-06
2034-03-31 12:00:00,2.444768e-05,2.444768e-05,1.9519446e-05,1.4303669e-05,7.2632797e-06,8.420459e-06,7.2632797e-06,1.0618578e-05,8.886727e-06,6.419656e-06,1.629523e-05,1.0618578e-05,8.886727e-06,1.0618578e-05,1.0618578e-05,1.0563302e-05,1.0563302e-05,7.955631e-06,8.420459e-06
2034-04-01 12:00:00,4.1728064e-05,4.1728064e-05,4.2090833e-05,4.938637e-05,3.895781e-05,6.0362723e-05,3.895781e-05,2.7593649e-05,2.9247827e-05,4.878138e-05,4.366217e-05,2.7593649e-05,2.9247827e-05,2.7593649e-05,2.7593649e-05,2.8787606e-05,2.8787606e-05,3.263234e-05,6.0362723e-05
2034-04-02 12:00:00,4.91954e-05,4.91954e-05,5.3083895e-05,7.774894e-05,6.9331865e-05,0.00011131236,6.9331865e-05,3.8220158e-05,4.658679e-05,9.1005655e-05,6.218053e-05,3.8220158e-05,4.658679e-05,3.8220158e-05,3.8220158e-05,4.2935797e-05,4.2935797e-05,5.510397e-05,0.00011131236
2034-04-03 12:00:00,1.1507282e-06,1.1507282e-06,3.126168e-06,1.4266408e-05,1.8517121e-05,2.8631108e-05,1.8517121e-05,9.566175e-06,1.2073946e-05,2.4573686e-05,8.106575e-06,9.566175e-06,1.2073946e-05,9.566175e-06,9.566175e-06,1.0901673e-05,1.0901673e-05,1.4518408e-05,2.8631108e-05
2034-04-04 12:00:00,9.58176e-06,9.58176e-06,3.8880344e-06,3.1616248e-06,9.542076e-07,2.371919e-06,9.542076e-07,1.30113e-08,3.2226868e-07,1.4976324e-06,3.3955787e-06,1.30113e-08,3.2226868e-07,1.30113e-08,1.30113e-08,1.08204375e-07,1.08204375e-07,5.8493686e-07,2.371919e-06
2034-04-05 12:00:00,0.00013270948,0.00013270948,0.00013143898,0.00013272166,7.7912984e-05,0.00013894311,7.7912984e-05,3.846318e-05,4.8819937e-05,0.0001047705,0.00012669318,3.846318e-05,4.8819937e-05,3.846318e-05,3.846318e-05,4.280762e-05,4.280762e-05,6.002381e-05,0.00013894311
2034-04-06 12:00:00,8.5144755e-05,8.5144755e-05,7.458752e-05,5.4154974e-05,1.0550913e-05,3.0530617e-05,1.0550913e-05,0.0,3.5665703e-06,1.6528149e-05,6.221914e-05,0.0,3.5665703e-06,0.0,0.0,1.1965187e-06,1.1965187e-06,6.4719184e-06,3.0530617e-05
2034-04-07 12:00:00,9.6277094e-05,9.6277094e-05,8.4286854e-05,5.7082085e-05,6.9841794e-06,2.5028641e-05,6.9841794e-06,0.0,2.3614632e-06,1.0931053e-05,6.845523e-05,0.0,2.3614632e-06,0.0,0.0,7.9182604e-07,7.9182604e-07,4.2850215e-06,2.5028641e-05
2034-04-08 12:00:00,7.26711e-05,7.26711e-05,7.5992415e-05,8.651753e-05,4.8160917e-05,0.00010240995,4.8160917e-05,1.824523e-08,1.6297083e-05,7.5304495e-05,7.7818826e-05,1.824523e-08,1.6297083e-05,1.824523e-08,1.824523e-08,5.474638e-06,5.474638e-06,2.9558993e-05,0.00010240995
2034-04-09 12:00:00,4.0050312e-05,4.0050312e-05,4.1380004e-05,3.3202024e-05,9.942749e-06,2.4008572e-05,9.942749e-06,8.628165e-07,3.892441e-06,1.5127254e-05,3.601201e-05,8.628165e-07,3.892441e-06,8.628165e-07,8.628165e-07,1.9251775e-06,1.9251775e-06,6.3904386e-06,2.4008572e-05
2034-04-10 12:00:00,2.0272844e-05,2.0272844e-05,2.0543726e-05,1.3633356e-05,1.3379795e-06,5.3986596e-06,1.3379795e-06,2.516847e-08,4.5239662e-07,2.0889709e-06,1.6579232e-05,2.516847e-08,4.5239662e-07,2.516847e-08,2.516847e-08,1.5141131e-07,1.5141131e-07,8.2114e-07,5.3986596e-06
2034-04-11 12:00:00,6.7112603e-07,6.7112603e-07,4.4994692e-07,2.7439432e-07,0.0,6.258733e-08,0.0,0.0,0.0,0.0,3.521776e-07,0.0,0.0,0.0,0.0,0.0,0.0,0.0,6.258733e-08
2034-04-12 12:00:00,1.9352335e-06,1.9352335e-06,2.436694e-07,1.4871853e-07,0.0,3.3925936e-08,0.0,4.4274955e-08,0.0,0.0,1.9085888e-07,4.4274955e-08,0.0,4.4274955e-08,4.4274955e-08,0.0,0.0,0.0,3.3925936e-08
2034-04-13 12:00:00,1.3281644e-06,1.3281644e-06,1.8697145e-07,1.6580996e-07,8.656163e-08,1.4379587e-07,8.656163e-08,5.9006965e-08,6.5778174e-08,1.067755e-07,1.7020182e-07,5.9006965e-08,6.5778174e-08,5.9006965e-08,5.9006965e-08,6.466398e-08,6.466398e-08,7.3026996e-08,1.4379587e-07
2034-04-14 12:00:00,3.508428e-05,3.508428e-05,3.0646417e-05,2.2308772e-05,5.300491e-06,1.2432818e-05,5.300491e-06,2.37645e-06,3.264149e-06,7.119471e-06,2.5675643e-05,2.37645e-06,3.264149e-06,2.37645e-06,2.37645e-06,2.810652e-06,2.810652e-06,4.05587e-06,1.2432818e-05
2034-04-15 12:00:00,9.665605e-05,9.665605e-05,9.364586e-05,7.827354e-05,2.7140359e-05,6.096932e-05,2.7140359e-05,4.6516216e-06,1.1789724e-05,4.0208357e-05,8.3114595e-05,4.6516216e-06,1.1789724e-05,4.6516216e-06,4.6516216e-06,6.998796e-06,6.998796e-06,1.8083925e-05,6.096932e-05
2034-04-16 12:00:00,0.00020491841,0.00020491841,0.00020478877,0.00016742489,5.782858e-05,0.00012461019,5.782858e-05,1.6550268e-05,2.9814004e-05,8.200375e-05,0.0001800989,1.6550268e-05,2.9814004e-05,1.6550268e-05,1.6550268e-05,2.1945658e-05,2.1945658e-05,4.1093426e-05,0.00012461019
2034-04-17 12:00:00,4.755244e-05,4.755244e-05,4.544247e-05,3.52677e-05,9.611027e-06,2.3314426e-05,9.611027e-06,1.4348199e-06,4.1350318e-06,1.42488825e-05,3.9112983e-05,1.4348199e-06,4.1350318e-06,1.4348199e-06,1.4348199e-06,2.4186804e-06,2.4186804e-06,6.3824295e-06,2.3314426e-05
2034-04-18 12:00:00,4.027792e-05,4.027792e-05,3.3108983e-05,2.0296917e-05,2.0450035e-07,4.634193e-06,2.0450035e-07,4.893055e-07,3.7498646e-07,8.2356216e-08,2.6032843e-05,4.893055e-07,3.7498646e-07,4.893055e-07,4.893055e-07,4.8071195e-07,4.8071195e-07,2.925316e-07,4.634193e-06
2034-04-19 12:00:00,6.546039e-08,6.546039e-08,0.0,0.0,0.0,0.0,0.0,0.0,0.0,0.0,0.0,0.0,0.0,0.0,0.0,0.0,0.0,0.0,0.0
2034-04-20 12:00:00,0.0,0.0,0.0,0.0,0.0,0.0,0.0,0.0,0.0,0.0,0.0,0.0,0.0,0.0,0.0,0.0,0.0,0.0,0.0
2034-04-21 12:00:00,0.0,0.0,0.0,0.0,0.0,0.0,0.0,3.1691673e-08,0.0,0.0,0.0,3.1691673e-08,0.0,3.1691673e-08,3.1691673e-08,0.0,0.0,0.0,0.0
2034-04-22 12:00:00,0.0,0.0,0.0,0.0,0.0,0.0,0.0,3.1480734e-08,0.0,0.0,0.0,3.1480734e-08,0.0,3.1480734e-08,3.1480734e-08,0.0,0.0,0.0,0.0
2034-04-23 12:00:00,0.0,0.0,0.0,0.0,0.0,0.0,0.0,1.7553009e-10,0.0,0.0,0.0,1.7553009e-10,0.0,1.7553009e-10,1.7553009e-10,0.0,0.0,0.0,0.0
2034-04-24 12:00:00,1.5277404e-06,1.5277404e-06,1.570462e-06,1.1143624e-06,1.8127993e-07,5.5930934e-07,1.8127993e-07,3.2346232e-08,6.074138e-08,2.8081672e-07,1.306317e-06,3.2346232e-08,6.074138e-08,3.2346232e-08,3.2346232e-08,2.0056458e-08,2.0056458e-08,1.1094211e-07,5.5930934e-07
2034-04-25 12:00:00,1.00634825e-05,1.00634825e-05,9.772551e-06,6.203351e-06,2.2957245e-07,1.8034326e-06,2.2957245e-07,0.0,7.684993e-08,3.5548848e-07,7.795951e-06,0.0,7.684993e-08,0.0,0.0,2.5346186e-08,2.5346186e-08,1.4045222e-07,1.8034326e-06
2034-04-26 12:00:00,4.067054e-05,4.067054e-05,3.821179e-05,2.4355732e-05,1.0064294e-06,7.256586e-06,1.0064294e-06,0.0,3.3658077e-07,1.5578651e-06,3.053513e-05,0.0,3.3658077e-07,0.0,0.0,1.10879775e-07,1.10879775e-07,6.155357e-07,7.256586e-06
2034-04-27 12:00:00,1.2890168e-06,1.2890168e-06,2.0671741e-06,8.208025e-06,8.58941e-06,1.6147624e-05,8.58941e-06,1.7374705e-07,2.9805972e-06,1.3205482e-05,4.8053435e-06,1.7374705e-07,2.9805972e-06,1.7374705e-07,1.7374705e-07,1.108382e-06,1.108382e-06,5.3124754e-06,1.6147624e-05
2034-04-28 12:00:00,0.0,0.0,0.0,0.0,1.7036557e-07,0.0,1.7036557e-07,3.988774e-07,3.0959364e-07,6.8323224e-08,0.0,3.988774e-07,3.0959364e-07,3.988774e-07,3.988774e-07,3.9245955e-07,3.9245955e-07,2.4296895e-07,0.0
2034-04-29 12:00:00,0.0,0.0,3.0673255e-06,1.7026918e-05,1.8808429e-05,3.5054218e-05,1.8808429e-05,4.5913302e-07,6.5507047e-06,2.8869326e-05,9.347786e-06,4.5913302e-07,6.5507047e-06,4.5913302e-07,4.5913302e-07,2.4709766e-06,2.4709766e-06,1.16457195e-05,3.5054218e-05
2034-04-30 12:00:00,0.0,0.0,3.278957e-06,1.8209508e-05,1.9969604e-05,3.7495603e-05,1.9969604e-05,8.9140904e-08,6.709442e-06,3.0827334e-05,9.995782e-06,8.9140904e-08,6.709442e-06,8.9140904e-08,8.9140904e-08,2.265475e-06,2.265475e-06,1.2229458e-05,3.7495603e-05
2034-05-01 12:00:00,0.0,0.0,7.1348218e-06,3.963909e-05,4.3422875e-05,8.16364e-05,4.3422875e-05,3.4629852e-06,1.4450537e-05,6.7110195e-05,2.1756407e-05,3.4629852e-06,1.4450537e-05,3.4629852e-06,3.4629852e-06,4.7321555e-06,4.7321555e-06,2.6515674e-05,8.16364e-05
2034-05-02 12:00:00,3.993651e-05,3.993651e-05,4.0347688e-05,2.491648e-05,1.4921427e-07,5.702724e-06,1.4921427e-07,3.948331e-07,2.7008338e-07,5.9772674e-08,3.1905874e-05,3.948331e-07,2.7008338e-07,3.948331e-07,3.948331e-07,3.407331e-07,3.407331e-07,2.125393e-07,5.702724e-06
2034-05-03 12:00:00,0.0,0.0,0.0,0.0,8.168659e-07,0.0,8.168659e-07,1.9051423e-06,1.4770906e-06,3.2714402e-07,0.0,1.9051423e-06,1.4770906e-06,1.9051423e-06,1.9051423e-06,1.8612232e-06,1.8612232e-06,1.1631882e-06,0.0
2034-05-04 12:00:00,0.0,0.0,8.28511e-06,4.6081408e-05,5.065359e-05,9.495553e-05,5.065359e-05,2.4872895e-06,1.6893731e-05,7.816155e-05,2.5282312e-05,2.4872895e-06,1.6893731e-05,2.4872895e-06,2.4872895e-06,5.6115805e-06,5.6115805e-06,3.0951363e-05,9.495553e-05
2034-05-05 12:00:00,4.7414555e-06,4.7414555e-06,9.185019e-06,2.740218e-05,4.376292e-05,5.1047547e-05,4.376292e-05,4.133422e-05,3.9420767e-05,4.823016e-05,1.7198989e-05,4.133422e-05,3.9420767e-05,4.133422e-05,4.133422e-05,4.126526e-05,4.126526e-05,4.0445007e-05,5.1047547e-05
2034-05-06 12:00:00,6.230679e-06,6.230679e-06,8.7936805e-06,1.999563e-05,3.0603675e-05,3.4587956e-05,3.0603675e-05,2.9590256e-05,2.8677074e-05,3.283797e-05,1.3613599e-05,2.9590256e-05,2.8677074e-05,2.9590256e-05,2.9590256e-05,3.045928e-05,3.045928e-05,2.8903623e-05,3.4587956e-05
2034-05-07 12:00:00,0.0,0.0,5.4954626e-08,3.0595257e-07,1.3795747e-06,6.307876e-07,1.3795747e-06,2.4717474e-06,1.9899587e-06,9.3686907e-07,1.6778763e-07,2.4717474e-06,1.9899587e-06,2.4717474e-06,2.4717474e-06,2.3919583e-06,2.3919583e-06,1.6887091e-06,6.307876e-07
2034-05-08 12:00:00,1.917903e-08,1.917903e-08,0.0,0.0,8.3169965e-07,0.0,8.3169965e-07,2.0690761e-06,1.4965266e-06,3.3277982e-07,0.0,2.0690761e-06,1.4965266e-06,2.0690761e-06,2.0690761e-06,1.8743619e-06,1.8743619e-06,1.1826551e-06,0.0
2034-05-09 12:00:00,0.00013224843,0.00013224843,0.00014208889,0.0001372098,6.122241e-05,0.00013304704,6.122241e-05,4.5966894e-07,2.0503956e-05,9.424822e-05,0.00013501105,4.5966894e-07,2.0503956e-05,4.5966894e-07,4.5966894e-07,6.9792163e-06,6.9792163e-06,3.7460777e-05,0.00013304704
2034-05-10 12:00:00,0.00021632129,0.00021632129,0.00024341379,0.0003248132,0.00022822488,0.00043360953,0.00022822488,2.7897824e-05,9.353511e-05,0.0003379125,0.0002722863,2.7897824e-05,9.353511e-05,2.7897824e-05,2.7897824e-05,5.099715e-05,5.099715e-05,0.00014912491,0.00043360953
2034-05-11 12:00:00,0.00014216795,0.00014216795,0.00015900137,0.000225937,0.00023144741,0.00031479265,0.00023144741,0.00018275483,0.00018378903,0.00027318668,0.00018413937,0.00018275483,0.00018378903,0.00018275483,0.00018275483,0.00018122571,0.00018122571,0.00020054633,0.00031479265
2034-05-12 12:00:00,5.4602962e-05,5.4602962e-05,4.9069517e-05,3.7264235e-05,1.0050069e-05,2.2718652e-05,1.0050069e-05,3.4094119e-06,5.549298e-06,1.3754735e-05,4.2000167e-05,3.4094119e-06,5.549298e-06,3.4094119e-06,3.4094119e-06,4.3278696e-06,4.3278696e-06,7.361551e-06,2.2718652e-05
2034-05-13 12:00:00,1.10271e-05,1.10271e-05,8.242324e-06,5.106804e-06,0.0,1.1711345e-06,0.0,0.0,0.0,0.0,6.52841e-06,0.0,0.0,0.0,0.0,0.0,0.0,0.0,1.1711345e-06
2034-05-14 12:00:00,2.1077423e-05,2.1077423e-05,2.045991e-05,1.2926642e-05,3.0659427e-07,3.4750706e-06,3.0659427e-07,0.0,1.0073384e-07,4.7298502e-07,1.631903e-05,0.0,1.0073384e-07,0.0,0.0,3.2477416e-08,3.2477416e-08,1.8655945e-07,3.4750706e-06
2034-05-15 12:00:00,2.466026e-06,2.466026e-06,6.197196e-07,3.8414294e-07,1.2740183e-10,8.812721e-08,1.2740183e-10,2.8131047e-10,2.2767112e-10,5.0956822e-11,4.9089465e-07,2.8131047e-10,2.2767112e-10,2.8131047e-10,2.8131047e-10,2.8279465e-10,2.8279465e-10,1.8084106e-10,8.812721e-08
2034-05-16 12:00:00,7.701135e-06,7.701135e-06,4.4257317e-06,5.0160093e-06,2.0265963e-05,5.8429487e-06,2.0265963e-05,4.499905e-05,3.2069827e-05,1.1328884e-05,4.5425354e-06,4.499905e-05,3.2069827e-05,4.499905e-05,4.499905e-05,3.8938353e-05,3.8938353e-05,2.647259e-05,5.8429487e-06
2034-05-17 12:00:00,6.090976e-06,6.090976e-06,3.5405042e-06,1.5210086e-05,4.99273e-05,3.0371924e-05,4.99273e-05,8.697335e-05,6.552328e-05,3.843443e-05,8.741888e-06,8.697335e-05,6.552328e-05,8.697335e-05,8.697335e-05,7.634132e-05,7.634132e-05,5.773735e-05,3.0371924e-05
2034-05-18 12:00:00,2.848226e-05,2.848226e-05,2.5215115e-05,1.663843e-05,4.3251484e-06,5.8816913e-06,4.3251484e-06,1.2993159e-05,5.903332e-06,3.146755e-06,2.0429316e-05,1.2993159e-05,5.903332e-06,1.2993159e-05,1.2993159e-05,6.9353673e-06,6.9353673e-06,5.1302627e-06,5.8816913e-06
2034-05-19 12:00:00,6.144437e-05,6.144437e-05,6.0711096e-05,5.3337964e-05,1.9789097e-05,4.4630502e-05,1.9789097e-05,7.358632e-07,6.9579733e-06,3.015587e-05,5.5238044e-05,7.358632e-07,6.9579733e-06,7.358632e-07,7.358632e-07,2.7793337e-06,2.7793337e-06,1.2298774e-05,4.4630502e-05
2034-05-20 12:00:00,6.48909e-06,6.48909e-06,2.825048e-06,1.7530141e-06,0.0,4.025464e-07,0.0,0.0,0.0,0.0,2.2377442e-06,0.0,0.0,0.0,0.0,0.0,0.0,0.0,4.025464e-07
2034-05-21 12:00:00,5.030673e-07,5.030673e-07,4.968483e-07,3.0837157e-07,0.0,7.082579e-08,0.0,0.0,0.0,0.0,3.9354325e-07,0.0,0.0,0.0,0.0,0.0,0.0,0.0,7.082579e-08
2034-05-22 12:00:00,4.010832e-08,4.010832e-08,0.0,0.0,0.0,0.0,0.0,1.2785912e-07,0.0,0.0,0.0,1.2785912e-07,0.0,1.2785912e-07,1.2785912e-07,0.0,0.0,0.0,0.0
2034-05-23 12:00:00,0.0,0.0,0.0,0.0,1.6885045e-07,0.0,1.6885045e-07,6.628612e-06,2.9913684e-07,6.762302e-08,0.0,6.628612e-06,2.9913684e-07,6.628612e-06,6.628612e-06,3.681599e-07,3.681599e-07,2.3913077e-07,0.0
2034-05-24 12:00:00,5.3847478e-05,5.3847478e-05,5.5555447e-05,4.039118e-05,1.591447e-05,2.1461568e-05,1.591447e-05,1.8726882e-05,1.7618137e-05,1.472917e-05,4.667868e-05,1.8726882e-05,1.7618137e-05,1.8726882e-05,1.8726882e-05,1.94989e-05,1.94989e-05,1.662661e-05,2.1461568e-05
2034-05-25 12:00:00,8.039831e-05,8.039831e-05,6.89175e-05,5.3865933e-05,1.5727603e-05,3.5252306e-05,1.5727603e-05,1.0472611e-05,8.037483e-06,2.1984495e-05,5.9608392e-05,1.0472611e-05,8.037483e-06,1.0472611e-05,1.0472611e-05,5.8264386e-06,5.8264386e-06,1.1182907e-05,3.5252306e-05
2034-05-26 12:00:00,8.5799315e-05,8.5799315e-05,8.3823725e-05,7.894709e-05,3.8705763e-05,7.374104e-05,3.8705763e-05,1.1688777e-05,2.039088e-05,5.362017e-05,7.8601435e-05,1.1688777e-05,2.039088e-05,1.1688777e-05,1.1688777e-05,1.5215012e-05,1.5215012e-05,2.7867438e-05,7.374104e-05
2034-05-27 12:00:00,8.328114e-05,8.328114e-05,8.25292e-05,9.365206e-05,5.430038e-05,0.00010921484,5.430038e-05,5.0579015e-06,2.029144e-05,8.1851074e-05,8.461809e-05,5.0579015e-06,2.029144e-05,5.0579015e-06,5.0579015e-06,9.463246e-06,9.463246e-06,3.4430555e-05,0.00010921484
2034-05-28 12:00:00,0.00013272486,0.00013272486,0.000116395524,0.000121658195,9.767829e-05,0.00013005109,9.767829e-05,8.008964e-05,8.432476e-05,0.000109097506,0.00011457466,8.008964e-05,8.432476e-05,8.008964e-05,8.008964e-05,8.5333435e-05,8.5333435e-05,8.882228e-05,0.00013005109
2034-05-29 12:00:00,6.225145e-05,6.225145e-05,6.367758e-05,7.396584e-05,4.847286e-05,8.81915e-05,4.847286e-05,1.2778972e-05,2.4267036e-05,6.818047e-05,6.603656e-05,1.2778972e-05,2.4267036e-05,1.2778972e-05,1.2778972e-05,1.7255676e-05,1.7255676e-05,3.4198612e-05,8.81915e-05
2034-05-30 12:00:00,6.522129e-05,6.522129e-05,6.522445e-05,6.666686e-05,3.715965e-05,6.9400056e-05,3.715965e-05,1.0493824e-05,1.9058027e-05,5.1911426e-05,6.3490734e-05,1.0493824e-05,1.9058027e-05,1.0493824e-05,1.0493824e-05,1.3882388e-05,1.3882388e-05,2.6475494e-05,6.9400056e-05
2034-05-31 12:00:00,4.4854445e-05,4.4854445e-05,5.0553008e-05,7.841313e-05,6.9686466e-05,0.00011534616,6.9686466e-05,2.8728819e-05,3.9258808e-05,9.454006e-05,6.1347564e-05,2.8728819e-05,3.9258808e-05,2.8728819e-05,2.8728819e-05,3.1052852e-05,3.1052852e-05,5.1639257e-05,0.00011534616
2034-06-01 12:00:00,2.3705106e-05,2.3705106e-05,2.5805522e-05,2.5460871e-05,2.393655e-05,2.5344569e-05,2.393655e-05,2.7160768e-05,2.532006e-05,2.2942797e-05,2.4691852e-05,2.7160768e-05,2.532006e-05,2.7160768e-05,2.7160768e-05,2.7488557e-05,2.7488557e-05,2.442228e-05,2.5344569e-05
2034-06-02 12:00:00,0.0,0.0,0.0,0.0,0.0,0.0,0.0,0.0,0.0,0.0,0.0,0.0,0.0,0.0,0.0,0.0,0.0,0.0,0.0
2034-06-03 12:00:00,5.8139867e-06,5.8139867e-06,5.5003347e-06,3.4692105e-06,5.3722253e-08,8.899748e-07,5.3722253e-08,0.0,1.7181014e-08,8.3517165e-08,4.371978e-06,0.0,1.7181014e-08,0.0,0.0,5.413125e-09,5.413125e-09,3.2416498e-08,8.899748e-07
2034-06-04 12:00:00,2.4482283e-06,2.4482283e-06,1.7769037e-06,4.251006e-06,3.8574367e-06,7.501083e-06,3.8574367e-06,1.1342325e-06,1.2310195e-06,6.0023644e-06,2.8317827e-06,1.1342325e-06,1.2310195e-06,1.1342325e-06,1.1342325e-06,3.8738543e-07,3.8738543e-07,2.3256728e-06,7.501083e-06
2034-06-05 12:00:00,2.3951393e-06,2.3951393e-06,4.869458e-06,1.7017517e-05,1.716602e-05,3.2935674e-05,1.716602e-05,7.456495e-08,5.5165783e-06,2.669631e-05,1.0190948e-05,7.456495e-08,5.5165783e-06,7.456495e-08,7.456495e-08,1.7897734e-06,1.7897734e-06,1.03689945e-05,3.2935674e-05
2034-06-06 12:00:00,3.5486268e-05,3.5486268e-05,3.2339965e-05,2.7999648e-05,1.16502515e-05,2.2720638e-05,1.16502515e-05,5.9710815e-06,6.617454e-06,1.577932e-05,2.9132076e-05,5.9710815e-06,6.617454e-06,5.9710815e-06,5.9710815e-06,5.2821047e-06,5.2821047e-06,8.668603e-06,2.2720638e-05
2034-06-07 12:00:00,7.0247675e-05,7.0247675e-05,7.6833836e-05,0.00010635317,0.00010364849,0.00014584475,0.00010364849,7.521112e-05,7.833112e-05,0.00012444206,8.723142e-05,7.521112e-05,7.833112e-05,7.521112e-05,7.521112e-05,7.4478725e-05,7.4478725e-05,8.8200955e-05,0.00014584475
2034-06-08 12:00:00,5.473285e-05,5.473285e-05,5.6876477e-05,7.5014985e-05,8.135326e-05,9.939703e-05,8.135326e-05,7.7166325e-05,7.230665e-05,8.873176e-05,6.287088e-05,7.7166325e-05,7.230665e-05,7.7166325e-05,7.7166325e-05,7.371312e-05,7.371312e-05,7.5415395e-05,9.939703e-05
2034-06-09 12:00:00,7.599737e-07,7.599737e-07,5.6831664e-07,3.5811905e-07,5.717547e-09,8.950138e-08,5.717547e-09,3.5192287e-09,4.212603e-09,6.9515744e-09,4.5092642e-07,3.5192287e-09,4.212603e-09,3.5192287e-09,3.5192287e-09,3.9564463e-09,3.9564463e-09,4.8057243e-09,8.950138e-08
2034-06-10 12:00:00,5.7347133e-06,5.7347133e-06,5.4882203e-06,4.3602713e-06,1.1389363e-06,2.9440112e-06,1.1389363e-06,1.5392802e-08,3.683261e-07,1.7759935e-06,4.761232e-06,1.5392802e-08,3.683261e-07,1.5392802e-08,1.5392802e-08,1.2657704e-07,1.2657704e-07,6.8817934e-07,2.9440112e-06
2034-06-11 12:00:00,6.785024e-06,6.785024e-06,6.858761e-06,4.426537e-06,2.148053e-06,1.3131965e-06,2.148053e-06,4.0076784e-06,3.4263396e-06,1.0706786e-06,5.486474e-06,4.0076784e-06,3.4263396e-06,4.0076784e-06,4.0076784e-06,4.074713e-06,4.074713e-06,2.8626769e-06,1.3131965e-06
2034-06-12 12:00:00,7.0586975e-07,7.0586975e-07,7.104734e-07,4.4431067e-07,0.0,1.0269737e-07,0.0,0.0,0.0,0.0,5.617533e-07,0.0,0.0,0.0,0.0,0.0,0.0,0.0,1.0269737e-07
2034-06-13 12:00:00,0.0,0.0,0.0,0.0,0.0,0.0,0.0,0.0,0.0,0.0,0.0,0.0,0.0,0.0,0.0,0.0,0.0,0.0,0.0
2034-06-14 12:00:00,0.0,0.0,0.0,0.0,0.0,0.0,0.0,0.0,0.0,0.0,0.0,0.0,0.0,0.0,0.0,0.0,0.0,0.0,0.0
2034-06-15 12:00:00,0.0,0.0,0.0,0.0,0.0,0.0,0.0,5.7886904e-08,0.0,0.0,0.0,5.7886904e-08,0.0,5.7886904e-08,5.7886904e-08,0.0,0.0,0.0,0.0
2034-06-16 12:00:00,0.0,0.0,0.0,0.0,0.0,0.0,0.0,0.0,0.0,0.0,0.0,0.0,0.0,0.0,0.0,0.0,0.0,0.0,0.0
2034-06-17 12:00:00,0.0,0.0,0.0,0.0,0.0,0.0,0.0,0.0,0.0,0.0,0.0,0.0,0.0,0.0,0.0,0.0,0.0,0.0,0.0
2034-06-18 12:00:00,0.0,0.0,0.0,0.0,0.0,0.0,0.0,1.6710759e-09,0.0,0.0,0.0,1.6710759e-09,0.0,1.6710759e-09,1.6710759e-09,0.0,0.0,0.0,0.0
2034-06-19 12:00:00,0.0,0.0,0.0,0.0,6.8457933e-07,0.0,6.8457933e-07,1.4754661e-06,1.1288123e-06,2.8258714e-07,0.0,1.4754661e-06,1.1288123e-06,1.4754661e-06,1.4754661e-06,1.341855e-06,1.341855e-06,9.4064285e-07,0.0
2034-06-20 12:00:00,4.9078244e-09,4.9078244e-09,4.931582e-09,3.1013874e-09,3.160459e-07,7.1956724e-10,3.160459e-07,6.085852e-07,5.184196e-07,1.307444e-07,3.8989745e-09,6.085852e-07,5.184196e-07,6.085852e-07,6.085852e-07,6.1523525e-07,6.1523525e-07,4.3316976e-07,7.1956724e-10
2034-06-21 12:00:00,0.0,0.0,0.0,0.0,5.5395356e-07,0.0,5.5395356e-07,3.7387238e-06,9.037064e-07,2.2968028e-07,0.0,3.7387238e-06,9.037064e-07,3.7387238e-06,3.7387238e-06,1.0706426e-06,1.0706426e-06,7.572297e-07,0.0
2034-06-22 12:00:00,0.0,0.0,2.164614e-08,1.2272129e-07,1.0360797e-06,2.565314e-07,1.0360797e-06,4.5601005e-06,1.5108769e-06,5.8275396e-07,6.601725e-08,4.5601005e-06,1.5108769e-06,4.5601005e-06,4.5601005e-06,1.7533877e-06,1.7533877e-06,1.3124903e-06,2.565314e-07
2034-06-23 12:00:00,8.882526e-06,8.882526e-06,0.0,0.0,2.2557708e-06,0.0,2.2557708e-06,4.302049e-06,3.637132e-06,9.397109e-07,0.0,4.302049e-06,3.637132e-06,4.302049e-06,4.302049e-06,4.2937295e-06,4.2937295e-06,3.0659014e-06,0.0
2034-06-24 12:00:00,7.792364e-05,7.792364e-05,7.269131e-05,4.587171e-05,7.9074525e-08,1.0665944e-05,7.9074525e-08,1.4719583e-07,1.267032e-07,3.302203e-08,5.74865e-05,1.4719583e-07,1.267032e-07,1.4719583e-07,1.4719583e-07,1.4930154e-07,1.4930154e-07,1.0714254e-07,1.0665944e-05
2034-06-25 12:00:00,5.2996756e-06,5.2996756e-06,6.230729e-06,1.1877558e-05,9.235184e-06,1.9392537e-05,9.235184e-06,3.9748838e-10,2.7006224e-06,1.4912995e-05,8.479772e-06,3.9748838e-10,2.7006224e-06,3.9748838e-10,3.9748838e-10,8.2378784e-07,8.2378784e-07,5.3457525e-06,1.9392537e-05
2034-06-26 12:00:00,0.0,0.0,5.1180833e-09,2.9121079e-08,2.9992098e-08,6.100817e-08,2.9992098e-08,0.0,8.710581e-09,4.8556906e-08,1.561543e-08,0.0,8.710581e-09,0.0,0.0,2.650981e-09,2.650981e-09,1.7302064e-08,6.100817e-08
2034-06-27 12:00:00,1.1109535e-07,1.1109535e-07,0.0,0.0,5.688093e-10,0.0,5.688093e-10,1.1270349e-09,8.931443e-10,2.393772e-10,0.0,1.1270349e-09,8.931443e-10,1.1270349e-09,1.1270349e-09,1.046396e-09,1.046396e-09,7.6298734e-10,0.0
2034-06-28 12:00:00,3.1968295e-07,3.1968295e-07,0.0,0.0,0.0,0.0,0.0,0.0,0.0,0.0,0.0,0.0,0.0,0.0,0.0,0.0,0.0,0.0,0.0
2034-06-29 12:00:00,1.1718887e-07,1.1718887e-07,5.6281266e-08,6.514375e-08,1.7086191e-07,7.7014754e-08,1.7086191e-07,2.4381245e-07,2.2172728e-07,1.13108236e-07,5.767272e-08,2.4381245e-07,2.2172728e-07,2.4381245e-07,2.4381245e-07,2.5043659e-07,2.5043659e-07,2.0181614e-07,7.7014754e-08
2034-06-30 12:00:00,4.865422e-07,4.865422e-07,4.770836e-07,3.0274927e-07,0.0,7.06285e-08,0.0,0.0,0.0,0.0,3.776096e-07,0.0,0.0,0.0,0.0,0.0,0.0,0.0,7.06285e-08
2034-07-01 12:00:00,1.4715606e-06,1.4715606e-06,1.05514104e-07,6.7020004e-08,0.0,1.5643446e-08,0.0,0.0,0.0,0.0,8.3529464e-08,0.0,0.0,0.0,0.0,0.0,0.0,0.0,1.5643446e-08
2034-07-02 12:00:00,0.0,0.0,0.0,0.0,0.0,0.0,0.0,0.0,0.0,0.0,0.0,0.0,0.0,0.0,0.0,0.0,0.0,0.0,0.0
2034-07-03 12:00:00,0.0,0.0,0.0,0.0,0.0,0.0,0.0,2.2092311e-07,0.0,0.0,0.0,2.2092311e-07,0.0,2.2092311e-07,2.2092311e-07,0.0,0.0,0.0,0.0
2034-07-04 12:00:00,8.753103e-05,8.753103e-05,9.094968e-05,7.3882955e-05,1.7959474e-05,5.0843966e-05,1.7959474e-05,8.394824e-08,4.904579e-06,2.9708317e-05,7.9132304e-05,8.394824e-08,4.904579e-06,8.394824e-08,8.394824e-08,1.4684894e-06,1.4684894e-06,1.0043377e-05,5.0843966e-05
2034-07-05 12:00:00,7.0365306e-05,7.0365306e-05,7.3738905e-05,6.31023e-05,2.9920337e-05,4.8642403e-05,2.9920337e-05,2.0585814e-05,2.2385577e-05,3.50476e-05,6.557014e-05,2.0585814e-05,2.2385577e-05,2.0585814e-05,2.0585814e-05,2.1624921e-05,2.1624921e-05,2.5470707e-05,4.8642403e-05
2034-07-06 12:00:00,0.0,0.0,2.8619079e-08,1.6431876e-07,5.5589835e-06,3.4601064e-07,5.5589835e-06,8.925964e-06,7.934057e-06,2.5976371e-06,8.7480785e-08,8.925964e-06,7.934057e-06,8.925964e-06,8.925964e-06,9.088234e-06,9.088234e-06,7.0713563e-06,3.4601064e-07
2034-07-07 12:00:00,3.4789333e-05,3.4789333e-05,3.519121e-05,2.3942452e-05,1.6431037e-06,8.7108265e-06,1.6431037e-06,0.0,4.3766462e-07,2.7391407e-06,2.8548879e-05,0.0,4.3766462e-07,0.0,0.0,1.3025215e-07,1.3025215e-07,9.071606e-07,8.7108265e-06
2034-07-08 12:00:00,7.4554396e-06,7.4554396e-06,7.4797435e-06,4.7788326e-06,4.415417e-07,1.1189406e-06,4.415417e-07,7.690552e-07,6.350711e-07,1.9129916e-07,5.9303156e-06,7.690552e-07,6.350711e-07,7.690552e-07,7.690552e-07,7.2761674e-07,7.2761674e-07,5.6638714e-07,1.1189406e-06
2034-07-09 12:00:00,0.0,0.0,0.0,0.0,0.0,0.0,0.0,0.0,0.0,0.0,0.0,0.0,0.0,0.0,0.0,0.0,0.0,0.0,0.0
2034-07-10 12:00:00,0.0,0.0,0.0,0.0,0.0,0.0,0.0,0.0,0.0,0.0,0.0,0.0,0.0,0.0,0.0,0.0,0.0,0.0,0.0
2034-07-11 12:00:00,0.0,0.0,0.0,0.0,0.0,0.0,0.0,0.0,0.0,0.0,0.0,0.0,0.0,0.0,0.0,0.0,0.0,0.0,0.0
2034-07-12 12:00:00,0.0,0.0,0.0,0.0,3.0050389e-05,0.0,3.0050389e-05,4.768336e-05,4.1894007e-05,1.3131836e-05,0.0,4.768336e-05,4.1894007e-05,4.768336e-05,4.768336e-05,4.7681704e-05,4.7681704e-05,3.7920297e-05,0.0
2034-07-13 12:00:00,0.0,0.0,0.0,0.0,1.7815484e-08,0.0,1.7815484e-08,2.7658208e-08,2.4662304e-08,7.799188e-09,0.0,2.7658208e-08,2.4662304e-08,2.7658208e-08,2.7658208e-08,2.8032703e-08,2.8032703e-08,2.2396202e-08,0.0
2034-07-14 12:00:00,0.0,0.0,0.0,0.0,2.7344706e-08,0.0,2.7344706e-08,4.194973e-08,3.7603318e-08,1.1990187e-08,0.0,4.194973e-08,3.7603318e-08,4.194973e-08,4.194973e-08,4.2694033e-08,4.2694033e-08,3.4251887e-08,0.0
2034-07-15 12:00:00,0.0,0.0,0.0,0.0,2.9054013e-08,0.0,2.9054013e-08,4.425985e-08,3.9708716e-08,1.2757881e-08,0.0,4.425985e-08,3.9708716e-08,4.425985e-08,4.425985e-08,4.5042604e-08,4.5042604e-08,3.6269714e-08,0.0
2034-07-16 12:00:00,4.338436e-06,4.338436e-06,4.353825e-06,2.7904844e-06,2.5176787e-09,6.5409097e-07,2.5176787e-09,2.1548233e-07,3.4217125e-09,1.1068941e-09,3.4575162e-06,2.1548233e-07,3.4217125e-09,2.1548233e-07,2.1548233e-07,3.8785823e-09,3.8785823e-09,3.1330685e-09,6.5409097e-07
2034-07-17 12:00:00,2.4057783e-06,2.4057783e-06,2.2587276e-06,1.447654e-06,2.5401323e-09,3.392853e-07,2.5401323e-09,9.797761e-08,3.4349867e-09,1.1179029e-09,1.7939767e-06,9.797761e-08,3.4349867e-09,9.797761e-08,9.797761e-08,3.891788e-09,3.891788e-09,3.1519138e-09,3.392853e-07
2034-07-18 12:00:00,7.0285535e-07,7.0285535e-07,7.091274e-07,4.7389014e-07,2.2067054e-08,1.5207449e-07,2.2067054e-08,3.4758505e-09,6.440531e-09,3.6363204e-08,5.7189686e-07,3.4758505e-09,6.440531e-09,3.4758505e-09,3.4758505e-09,2.9021041e-09,2.9021041e-09,1.2337469e-08,1.5207449e-07
2034-07-19 12:00:00,1.3644693e-06,1.3644693e-06,1.8732202e-06,4.4186254e-06,3.500827e-06,7.82067e-06,3.500827e-06,9.325523e-10,8.6329936e-07,5.950049e-06,2.9133519e-06,9.325523e-10,8.6329936e-07,9.325523e-10,9.325523e-10,2.542403e-07,2.542403e-07,1.8531396e-06,7.82067e-06
2034-07-20 12:00:00,0.0,0.0,2.4588503e-06,1.4173086e-05,3.5333658e-05,2.9870927e-05,3.5333658e-05,3.2265336e-05,3.2307966e-05,3.28288e-05,7.5347275e-06,3.2265336e-05,3.2307966e-05,3.2265336e-05,3.2265336e-05,3.3784945e-05,3.3784945e-05,3.390132e-05,2.9870927e-05
2034-07-21 12:00:00,0.0,0.0,0.0,0.0,0.0,0.0,0.0,0.0,0.0,0.0,0.0,0.0,0.0,0.0,0.0,0.0,0.0,0.0,0.0
2034-07-22 12:00:00,0.0,0.0,0.0,0.0,0.0,0.0,0.0,0.0,0.0,0.0,0.0,0.0,0.0,0.0,0.0,0.0,0.0,0.0,0.0
2034-07-23 12:00:00,0.0,0.0,0.0,0.0,1.0785686e-08,0.0,1.0785686e-08,5.635317e-08,1.4373157e-08,4.7526827e-09,0.0,5.635317e-08,1.4373157e-08,5.635317e-08,5.635317e-08,1.633019e-08,1.633019e-08,1.324618e-08,0.0
2034-07-24 12:00:00,0.0,0.0,0.0,0.0,0.0,0.0,0.0,1.7206917e-09,0.0,0.0,0.0,1.7206917e-09,0.0,1.7206917e-09,1.7206917e-09,0.0,0.0,0.0,0.0
2034-07-25 12:00:00,0.0,0.0,0.0,0.0,2.6296606e-11,0.0,2.6296606e-11,3.9478403e-11,3.510411e-11,1.1569885e-11,0.0,3.9478403e-11,3.510411e-11,3.9478403e-11,3.9478403e-11,4.001053e-11,4.001053e-11,3.228381e-11,0.0
2034-07-26 12:00:00,0.0,0.0,0.0,0.0,3.7001573e-08,0.0,3.7001573e-08,5.5824124e-08,4.9501345e-08,1.6261536e-08,0.0,5.5824124e-08,4.9501345e-08,5.5824124e-08,5.5824124e-08,5.6531945e-08,5.6531945e-08,4.544582e-08,0.0
2034-07-27 12:00:00,0.0,0.0,0.0,0.0,0.0,0.0,0.0,0.0,0.0,0.0,0.0,0.0,0.0,0.0,0.0,0.0,0.0,0.0,0.0
2034-07-28 12:00:00,0.0,0.0,0.0,0.0,0.0,0.0,0.0,0.0,0.0,0.0,0.0,0.0,0.0,0.0,0.0,0.0,0.0,0.0,0.0
2034-07-29 12:00:00,0.0,0.0,0.0,0.0,8.956072e-09,0.0,8.956072e-09,2.6684336e-07,1.2119987e-08,3.9173766e-09,0.0,2.6684336e-07,1.2119987e-08,2.6684336e-07,2.6684336e-07,1.3943427e-08,1.3943427e-08,1.1041247e-08,0.0
2034-07-30 12:00:00,4.7239537e-06,4.7239537e-06,4.3614536e-06,2.7933097e-06,8.2069647e-07,7.067489e-07,8.2069647e-07,1.2458826e-06,1.0829938e-06,3.9603063e-07,3.473304e-06,1.2458826e-06,1.0829938e-06,1.2458826e-06,1.2458826e-06,1.2430155e-06,1.2430155e-06,9.924513e-07,7.067489e-07
2034-07-31 12:00:00,0.0,0.0,5.5938806e-08,3.187571e-07,1.1253601e-06,6.660382e-07,1.1253601e-06,1.2766425e-06,1.1906789e-06,8.7978464e-07,1.7116606e-07,1.2766425e-06,1.1906789e-06,1.2766425e-06,1.2766425e-06,1.310387e-06,1.310387e-06,1.1719977e-06,6.660382e-07
2034-08-01 12:00:00,2.0691025e-06,2.0691025e-06,4.185681e-06,1.3315748e-05,1.3249362e-05,2.5356245e-05,1.3249362e-05,2.395188e-06,4.9547198e-06,2.0439176e-05,8.100407e-06,2.395188e-06,4.9547198e-06,2.395188e-06,2.395188e-06,3.1771556e-06,3.1771556e-06,8.0603695e-06,2.5356245e-05
2034-08-02 12:00:00,2.6953646e-06,2.6953646e-06,2.7557091e-06,2.0026864e-06,8.181597e-07,1.0139257e-06,8.181597e-07,8.436593e-07,8.0342903e-07,7.179649e-07,2.302955e-06,8.436593e-07,8.0342903e-07,8.436593e-07,8.436593e-07,8.711578e-07,8.711578e-07,8.102194e-07,1.0139257e-06
2034-08-03 12:00:00,0.0,0.0,3.439975e-09,1.949877e-08,1.9340344e-08,4.0590997e-08,1.9340344e-08,0.0,4.9724442e-09,3.224069e-08,1.0514026e-08,0.0,4.9724442e-09,0.0,0.0,1.5065026e-09,1.5065026e-09,1.03599405e-08,4.0590997e-08
2034-08-04 12:00:00,4.669856e-06,4.669856e-06,7.025732e-06,1.620152e-05,1.3198197e-05,2.824283e-05,1.3198197e-05,1.760105e-09,3.4225427e-06,2.1937689e-05,1.0868193e-05,1.760105e-09,3.4225427e-06,1.760105e-09,1.760105e-09,1.0406737e-06,1.0406737e-06,7.0962656e-06,2.824283e-05
2034-08-05 12:00:00,0.0,0.0,1.3988956e-07,7.898441e-07,7.8921636e-07,1.6397504e-06,7.8921636e-07,0.0,2.0649969e-07,1.307843e-06,4.2717087e-07,0.0,2.0649969e-07,0.0,0.0,6.29976e-08,6.29976e-08,4.2602932e-07,1.6397504e-06
2034-08-06 12:00:00,0.0,0.0,0.0,0.0,0.0,0.0,0.0,0.0,0.0,0.0,0.0,0.0,0.0,0.0,0.0,0.0,0.0,0.0,0.0
2034-08-07 12:00:00,0.0,0.0,1.5780942e-10,8.8733265e-10,8.356828e-06,1.8368174e-09,8.356828e-06,1.43734205e-05,1.2134233e-05,3.5683854e-06,4.813942e-10,1.43734205e-05,1.2134233e-05,1.43734205e-05,1.43734205e-05,1.4379077e-05,1.4379077e-05,1.0617425e-05,1.8368174e-09
2034-08-08 12:00:00,5.3038425e-06,5.3038425e-06,2.627907e-08,1.6382758e-08,0.0,3.7624757e-09,0.0,0.0,0.0,0.0,2.0771632e-08,0.0,0.0,0.0,0.0,0.0,0.0,0.0,3.7624757e-09
2034-08-09 12:00:00,0.0,0.0,2.0551838e-06,1.150584e-05,2.6325511e-05,2.3745699e-05,2.6325511e-05,2.596187e-05,2.4879853e-05,2.5314712e-05,6.2621707e-06,2.596187e-05,2.4879853e-05,2.596187e-05,2.596187e-05,2.6878797e-05,2.6878797e-05,2.5204297e-05,2.3745699e-05
2034-08-10 12:00:00,5.046369e-06,5.046369e-06,1.3066023e-05,4.7898626e-05,4.9534134e-05,9.295585e-05,4.9534134e-05,7.218683e-06,1.8375482e-05,7.603003e-05,2.8391103e-05,7.218683e-06,1.8375482e-05,7.218683e-06,7.218683e-06,1.0865059e-05,1.0865059e-05,3.0229068e-05,9.295585e-05
2034-08-11 12:00:00,0.00016491924,0.00016491924,0.00018864835,0.00026717765,0.00018254298,0.00037040902,0.00018254298,1.6999233e-05,6.224773e-05,0.00028521483,0.00021725809,1.6999233e-05,6.224773e-05,1.6999233e-05,1.6999233e-05,3.1921874e-05,3.1921874e-05,0.00010826064,0.00037040902
2034-08-12 12:00:00,1.0130201e-05,1.0130201e-05,1.0423395e-05,7.864828e-06,4.2143914e-05,4.721358e-06,4.2143914e-05,7.8846286e-05,6.242891e-05,1.965276e-05,8.86804e-06,7.8846286e-05,6.242891e-05,7.8846286e-05,7.8846286e-05,7.484985e-05,7.484985e-05,5.3669955e-05,4.721358e-06
2034-08-13 12:00:00,0.0,0.0,0.0,0.0,2.4438546e-06,0.0,2.4438546e-06,5.394451e-06,3.7803143e-06,1.0213221e-06,0.0,5.394451e-06,3.7803143e-06,5.394451e-06,5.394451e-06,4.5724705e-06,4.5724705e-06,3.2003911e-06,0.0
2034-08-14 12:00:00,0.0,0.0,0.0,0.0,0.0,0.0,0.0,0.0,0.0,0.0,0.0,0.0,0.0,0.0,0.0,0.0,0.0,0.0,0.0
2034-08-15 12:00:00,0.0,0.0,0.0,0.0,0.0,0.0,0.0,8.9546756e-07,0.0,0.0,0.0,8.9546756e-07,0.0,8.9546756e-07,8.9546756e-07,0.0,0.0,0.0,0.0
2034-08-16 12:00:00,0.0,0.0,0.0,0.0,5.437927e-07,0.0,5.437927e-07,1.0696915e-06,8.689774e-07,2.2476345e-07,0.0,1.0696915e-06,8.689774e-07,1.0696915e-06,1.0696915e-06,1.0609527e-06,1.0609527e-06,7.238355e-07,0.0
2034-08-17 12:00:00,0.0,0.0,0.0,0.0,1.3684823e-07,0.0,1.3684823e-07,2.731186e-07,2.2104204e-07,5.635569e-08,0.0,2.731186e-07,2.2104204e-07,2.731186e-07,2.731186e-07,2.7067094e-07,2.7067094e-07,1.8315777e-07,0.0
2034-08-18 12:00:00,0.0,0.0,2.6010503e-07,1.4266058e-06,5.4490483e-06,2.9024523e-06,5.4490483e-06,7.995295e-06,6.8887875e-06,4.001137e-06,7.8778186e-07,7.995295e-06,6.8887875e-06,7.995295e-06,7.995295e-06,8.048852e-06,8.048852e-06,6.1750543e-06,2.9024523e-06
2034-08-19 12:00:00,0.0,0.0,1.2047693e-07,6.592913e-07,1.0548452e-05,1.3392283e-06,1.0548452e-05,2.0293399e-05,1.6461025e-05,5.128799e-06,3.646248e-07,2.0293399e-05,1.6461025e-05,2.0293399e-05,2.0293399e-05,2.0077181e-05,2.0077181e-05,1.37328825e-05,1.3392283e-06
2034-08-20 12:00:00,0.0,0.0,4.2535595e-07,2.322492e-06,2.1169757e-05,4.710369e-06,2.1169757e-05,3.8926868e-05,3.1924494e-05,1.1500897e-05,1.2864057e-06,3.8926868e-05,3.1924494e-05,3.8926868e-05,3.8926868e-05,3.8724957e-05,3.8724957e-05,2.6879115e-05,4.710369e-06
2034-08-21 12:00:00,0.0,0.0,7.8049385e-07,4.252178e-06,9.093813e-06,8.610814e-06,9.093813e-06,1.6243606e-05,9.067489e-06,8.9614405e-06,2.3587215e-06,1.6243606e-05,9.067489e-06,1.6243606e-05,1.6243606e-05,9.935711e-06,9.935711e-06,8.887065e-06,8.610814e-06
2034-08-22 12:00:00,0.0,0.0,0.0,0.0,2.7790222e-05,0.0,2.7790222e-05,5.9393707e-05,4.726873e-05,1.1241773e-05,0.0,5.9393707e-05,4.726873e-05,5.9393707e-05,5.9393707e-05,5.8657515e-05,5.8657515e-05,3.8214243e-05,0.0
2034-08-23 12:00:00,6.3704766e-07,6.3704766e-07,0.0,0.0,1.5286776e-05,0.0,1.5286776e-05,3.309117e-05,2.6257723e-05,6.162737e-06,0.0,3.309117e-05,2.6257723e-05,3.309117e-05,3.309117e-05,3.2661745e-05,3.2661745e-05,2.1131496e-05,0.0
2034-08-24 12:00:00,1.9403955e-05,1.9403955e-05,2.6959335e-05,5.28762e-05,4.5460944e-05,8.575413e-05,4.5460944e-05,1.9221338e-06,1.5722371e-05,6.944727e-05,3.809493e-05,1.9221338e-06,1.5722371e-05,1.9221338e-06,1.9221338e-06,6.486449e-06,6.486449e-06,2.7768538e-05,8.575413e-05
2034-08-25 12:00:00,0.000120800505,0.000120800505,0.00012269543,8.484775e-05,1.3673769e-05,4.1532247e-05,1.3673769e-05,0.0,4.396575e-06,2.1121781e-05,0.00010105848,0.0,4.396575e-06,0.0,0.0,1.424211e-06,1.424211e-06,8.184353e-06,4.1532247e-05
2034-08-26 12:00:00,0.00014333846,0.00014333846,0.00015369775,0.00014443333,9.854725e-05,0.00013753647,9.854725e-05,7.7226825e-05,8.159555e-05,0.00011249691,0.00014435594,7.7226825e-05,8.159555e-05,7.7226825e-05,7.7226825e-05,8.2861676e-05,8.2861676e-05,8.687553e-05,0.00013753647
2034-08-27 12:00:00,5.3277814e-05,5.3277814e-05,5.3777127e-05,3.5682e-05,9.245076e-06,1.5050518e-05,9.245076e-06,1.7932314e-05,1.01623555e-05,8.614881e-06,4.3596447e-05,1.7932314e-05,1.01623555e-05,1.7932314e-05,1.7932314e-05,1.1429044e-05,1.1429044e-05,9.541217e-06,1.5050518e-05
2034-08-28 12:00:00,2.2353792e-07,2.2353792e-07,0.0,0.0,0.0,0.0,0.0,0.0,0.0,0.0,0.0,0.0,0.0,0.0,0.0,0.0,0.0,0.0,0.0
2034-08-29 12:00:00,2.711448e-06,2.711448e-06,0.0,0.0,0.0,0.0,0.0,0.0,0.0,0.0,0.0,0.0,0.0,0.0,0.0,0.0,0.0,0.0,0.0
2034-08-30 12:00:00,4.6648058e-08,4.6648058e-08,0.0,0.0,0.0,0.0,0.0,0.0,0.0,0.0,0.0,0.0,0.0,0.0,0.0,0.0,0.0,0.0,0.0
2034-08-31 12:00:00,0.0,0.0,0.0,0.0,0.0,0.0,0.0,0.0,0.0,0.0,0.0,0.0,0.0,0.0,0.0,0.0,0.0,0.0,0.0
2034-09-01 12:00:00,0.0,0.0,0.0,0.0,6.105261e-08,0.0,6.105261e-08,1.4590617e-07,1.13347305e-07,2.3951994e-08,0.0,1.4590617e-07,1.13347305e-07,1.4590617e-07,1.4590617e-07,1.4346094e-07,1.4346094e-07,8.810001e-08,0.0
2034-09-02 12:00:00,0.0,0.0,0.0,0.0,1.3418031e-06,0.0,1.3418031e-06,3.2361959e-06,2.5095446e-06,5.250673e-07,0.0,3.2361959e-06,2.5095446e-06,3.2361959e-06,3.2361959e-06,3.1810862e-06,3.1810862e-06,1.9443808e-06,0.0
2034-09-03 12:00:00,1.0123525e-06,1.0123525e-06,6.1889786e-08,3.655019e-08,8.658779e-10,8.086422e-09,8.658779e-10,2.1067827e-09,1.6309748e-09,3.3799966e-10,4.8047028e-08,2.1067827e-09,1.6309748e-09,2.1067827e-09,2.1067827e-09,2.0703945e-09,2.0703945e-09,1.2598349e-09,8.086422e-09
2034-09-04 12:00:00,0.0,0.0,0.0,0.0,0.0,0.0,0.0,1.7286129e-07,0.0,0.0,0.0,1.7286129e-07,0.0,1.7286129e-07,1.7286129e-07,0.0,0.0,0.0,0.0
2034-09-05 12:00:00,0.0,0.0,0.0,0.0,0.0,0.0,0.0,1.825189e-07,0.0,0.0,0.0,1.825189e-07,0.0,1.825189e-07,1.825189e-07,0.0,0.0,0.0,0.0
2034-09-06 12:00:00,0.0,0.0,0.0,0.0,0.0,0.0,0.0,4.5368876e-07,0.0,0.0,0.0,4.5368876e-07,0.0,4.5368876e-07,4.5368876e-07,0.0,0.0,0.0,0.0
2034-09-07 12:00:00,9.81463e-05,9.81463e-05,0.000105595274,0.00010048852,4.9526578e-05,9.849591e-05,4.9526578e-05,2.0728544e-06,1.8884322e-05,7.300648e-05,9.98943e-05,2.0728544e-06,1.8884322e-05,2.0728544e-06,2.0728544e-06,7.7543e-06,7.7543e-06,3.2043597e-05,9.849591e-05
2034-09-08 12:00:00,3.5491474e-05,3.5491474e-05,5.226279e-05,0.00011064378,0.00013773024,0.00018295884,0.00013773024,9.253042e-05,0.000106780106,0.00016511681,7.8145975e-05,9.253042e-05,0.000106780106,9.253042e-05,9.253042e-05,0.00010211875,0.00010211875,0.000118205884,0.00018295884
2034-09-09 12:00:00,6.5354543e-06,6.5354543e-06,1.0396881e-05,2.6169733e-05,4.2536878e-05,4.5540415e-05,4.2536878e-05,4.3354456e-05,4.2449614e-05,4.4491106e-05,1.7510476e-05,4.3354456e-05,4.2449614e-05,4.3354456e-05,4.3354456e-05,4.5601533e-05,4.5601533e-05,4.157089e-05,4.5540415e-05
2034-09-10 12:00:00,4.6308883e-06,4.6308883e-06,4.2031793e-06,2.582783e-06,1.9122425e-07,8.12257e-07,1.9122425e-07,3.8200713e-07,1.2415902e-07,2.4606098e-07,3.3074648e-06,3.8200713e-07,1.2415902e-07,3.8200713e-07,3.8200713e-07,1.05229766e-07,1.05229766e-07,1.515097e-07,8.12257e-07
2034-09-11 12:00:00,0.0,0.0,7.6348776e-08,4.0165548e-07,4.5491433e-07,7.94757e-07,4.5491433e-07,0.0,1.650186e-07,6.7420723e-07,2.2753184e-07,0.0,1.650186e-07,0.0,0.0,5.480287e-08,5.480287e-08,2.9161598e-07,7.94757e-07
2034-09-12 12:00:00,2.244568e-05,2.244568e-05,1.5033237e-05,1.5333866e-05,8.403343e-06,1.6333312e-05,8.403343e-06,1.0316934e-07,3.1270567e-06,1.239224e-05,1.4704992e-05,1.0316934e-07,3.1270567e-06,1.0316934e-07,1.0316934e-07,1.1141075e-06,1.1141075e-06,5.436114e-06,1.6333312e-05
2034-09-13 12:00:00,3.3719945e-05,3.3719945e-05,3.0006986e-05,1.7506292e-05,0.0,3.8449853e-06,0.0,0.0,0.0,0.0,2.316021e-05,0.0,0.0,0.0,0.0,0.0,0.0,0.0,3.8449853e-06
2034-09-14 12:00:00,2.9264486e-06,2.9264486e-06,0.0,0.0,0.0,0.0,0.0,5.9882163e-06,0.0,0.0,0.0,5.9882163e-06,0.0,5.9882163e-06,5.9882163e-06,0.0,0.0,0.0,0.0
2034-09-15 12:00:00,0.0,0.0,3.6568508e-07,1.9168697e-06,2.6016483e-05,3.7861303e-06,2.6016483e-05,6.358665e-05,4.8712096e-05,1.2325441e-05,1.087591e-06,6.358665e-05,4.8712096e-05,6.358665e-05,6.358665e-05,6.182364e-05,6.182364e-05,3.7441405e-05,3.7861303e-06
2034-09-16 12:00:00,7.2246617e-06,7.2246617e-06,1.6253325e-05,5.181401e-05,5.63426e-05,9.499933e-05,5.63426e-05,5.4956827e-06,2.430429e-05,8.0704645e-05,3.2558088e-05,5.4956827e-06,2.430429e-05,5.4956827e-06,5.4956827e-06,1.20981795e-05,1.20981795e-05,3.838356e-05,9.499933e-05
2034-09-17 12:00:00,1.9672094e-05,1.9672094e-05,1.2344027e-05,1.4736917e-05,9.689495e-06,1.8151726e-05,9.689495e-06,0.0,3.603287e-06,1.4255793e-05,1.3084556e-05,0.0,3.603287e-06,0.0,0.0,1.2017894e-06,1.2017894e-06,6.304854e-06,1.8151726e-05
2034-09-18 12:00:00,1.0464907e-07,1.0464907e-07,0.0,0.0,0.0,0.0,0.0,3.3297665e-10,0.0,0.0,0.0,3.3297665e-10,0.0,3.3297665e-10,3.3297665e-10,0.0,0.0,0.0,0.0
2034-09-19 12:00:00,3.78922e-05,3.78922e-05,2.7103279e-05,1.574407e-05,5.8623534e-08,3.4520833e-06,5.8623534e-08,1.5753055e-07,1.1945149e-07,2.2325604e-08,2.0861205e-05,1.5753055e-07,1.1945149e-07,1.5753055e-07,1.5753055e-07,1.5382541e-07,1.5382541e-07,8.935477e-08,3.4520833e-06
2034-09-20 12:00:00,7.23373e-05,7.23373e-05,6.504004e-05,3.7761594e-05,0.0,8.278893e-06,0.0,0.0,0.0,0.0,5.0040417e-05,0.0,0.0,0.0,0.0,0.0,0.0,0.0,8.278893e-06
2034-09-21 12:00:00,2.5494068e-05,2.5494068e-05,2.5234453e-05,1.4644041e-05,0.0,3.2104224e-06,0.0,0.0,0.0,0.0,1.9407196e-05,0.0,0.0,0.0,0.0,0.0,0.0,0.0,3.2104224e-06
2034-09-22 12:00:00,8.843585e-07,8.843585e-07,4.2286414e-09,2.452945e-09,0.0,5.377609e-10,0.0,0.0,0.0,0.0,3.2509084e-09,0.0,0.0,0.0,0.0,0.0,0.0,0.0,5.377609e-10
2034-09-23 12:00:00,1.3049818e-08,1.3049818e-08,0.0,0.0,0.0,0.0,0.0,0.0,0.0,0.0,0.0,0.0,0.0,0.0,0.0,0.0,0.0,0.0,0.0
2034-09-24 12:00:00,1.757686e-05,1.757686e-05,1.3304417e-05,7.712342e-06,0.0,1.6910178e-06,0.0,0.0,0.0,0.0,1.0220861e-05,0.0,0.0,0.0,0.0,0.0,0.0,0.0,1.6910178e-06
2034-09-25 12:00:00,0.0,0.0,0.0,0.0,0.0,0.0,0.0,1.9711112e-07,0.0,0.0,0.0,1.9711112e-07,0.0,1.9711112e-07,1.9711112e-07,0.0,0.0,0.0,0.0
2034-09-26 12:00:00,0.0,0.0,0.0,0.0,5.8912184e-07,0.0,5.8912184e-07,3.3866347e-06,1.2189907e-06,2.2378995e-07,0.0,3.3866347e-06,1.2189907e-06,3.3866347e-06,3.3866347e-06,1.5731512e-06,1.5731512e-06,9.0663775e-07,0.0
2034-09-27 12:00:00,0.0,0.0,0.0,0.0,5.8284804e-06,0.0,5.8284804e-06,1.5860951e-05,1.207664e-05,2.21407e-06,0.0,1.5860951e-05,1.207664e-05,1.5860951e-05,1.5860951e-05,1.5587595e-05,1.5587595e-05,8.977817e-06,0.0
2034-09-28 12:00:00,0.0,0.0,4.2557852e-13,2.218447e-12,7.753731e-08,4.381183e-12,7.753731e-08,4.6566026e-07,1.6084289e-07,2.9459404e-08,1.2594432e-12,4.6566026e-07,1.6084289e-07,4.6566026e-07,4.6566026e-07,2.0762513e-07,2.0762513e-07,1.1952399e-07,4.381183e-12
2034-09-29 12:00:00,0.0,0.0,0.0,0.0,1.1758407e-07,0.0,1.1758407e-07,3.2028686e-07,2.4416394e-07,4.467792e-08,0.0,3.2028686e-07,2.4416394e-07,3.2028686e-07,3.2028686e-07,3.1520497e-07,3.1520497e-07,1.8137999e-07,0.0
2034-09-30 12:00:00,1.15462735e-05,1.15462735e-05,5.152498e-06,4.3083633e-06,2.8846075e-06,3.5635237e-06,2.8846075e-06,3.2365908e-06,3.1157288e-06,2.93912e-06,4.5773763e-06,3.2365908e-06,3.1157288e-06,3.2365908e-06,3.2365908e-06,3.4029517e-06,3.4029517e-06,2.9554192e-06,3.5635237e-06
2034-10-01 12:00:00,5.9043403e-05,5.9043403e-05,4.8395574e-05,3.8050915e-05,1.2849129e-05,2.8178682e-05,1.2849129e-05,3.350614e-08,4.928564e-06,1.8828689e-05,4.184055e-05,3.350614e-08,4.928564e-06,3.350614e-08,3.350614e-08,1.6740635e-06,1.6740635e-06,8.513871e-06,2.8178682e-05
2034-10-02 12:00:00,0.00022658396,0.00022658396,0.00022382132,0.00015847011,3.707089e-05,9.1904265e-05,3.707089e-05,6.188502e-07,1.4411985e-05,5.4224613e-05,0.00018517968,6.188502e-07,1.4411985e-05,6.188502e-07,6.188502e-07,5.1122242e-06,5.1122242e-06,2.4668487e-05,9.1904265e-05
2034-10-03 12:00:00,0.000112411966,0.000112411966,9.2028735e-05,5.350942e-05,2.8119413e-07,1.2197275e-05,2.8119413e-07,0.0,1.0748213e-07,4.1269595e-07,7.061592e-05,0.0,1.0748213e-07,0.0,0.0,3.5971965e-08,3.5971965e-08,1.8619245e-07,1.2197275e-05
2034-10-04 12:00:00,8.364137e-05,8.364137e-05,7.919491e-05,5.3083037e-05,9.225281e-06,2.5969988e-05,9.225281e-06,5.8621836e-09,3.5303337e-06,1.3544329e-05,6.407645e-05,5.8621836e-09,3.5303337e-06,5.8621836e-09,5.8621836e-09,1.185704e-06,1.185704e-06,6.1113096e-06,2.5969988e-05
2034-10-05 12:00:00,5.6404893e-05,5.6404893e-05,5.3117805e-05,3.0760413e-05,0.0,6.7673527e-06,0.0,0.0,0.0,0.0,4.067871e-05,0.0,0.0,0.0,0.0,0.0,0.0,0.0,6.7673527e-06
2034-10-06 12:00:00,7.957701e-05,7.957701e-05,7.358469e-05,4.913708e-05,8.308394e-06,2.373371e-05,8.308394e-06,2.3278335e-07,3.1755244e-06,1.2215449e-05,5.9418595e-05,2.3278335e-07,3.1755244e-06,2.3278335e-07,2.3278335e-07,1.0624149e-06,1.0624149e-06,5.5022865e-06,2.373371e-05
2034-10-07 12:00:00,0.00032799318,0.00032799318,0.00032727025,0.0002564888,8.609324e-05,0.00018914395,8.609324e-05,2.4868586e-06,3.4447217e-05,0.00012567242,0.00028210977,2.4868586e-06,3.4447217e-05,2.4868586e-06,2.4868586e-06,1.33403255e-05,1.33403255e-05,5.7815734e-05,0.00018914395
2034-10-08 12:00:00,1.1527103e-06,1.1527103e-06,1.7480623e-06,3.8344633e-06,7.502314e-06,6.440136e-06,7.502314e-06,1.1099484e-05,9.512045e-06,6.775489e-06,2.669326e-06,1.1099484e-05,9.512045e-06,1.1099484e-05,1.1099484e-05,1.0961736e-05,1.0961736e-05,8.423461e-06,6.440136e-06
2034-10-09 12:00:00,5.4232584e-07,5.4232584e-07,5.2797753e-07,3.058573e-07,7.761003e-06,6.741759e-08,7.761003e-06,2.3208206e-05,1.6127746e-05,2.965089e-06,4.0396878e-07,2.3208206e-05,1.6127746e-05,2.3208206e-05,2.3208206e-05,2.0800318e-05,2.0800318e-05,1.1985302e-05,6.741759e-08
2034-10-10 12:00:00,5.083564e-06,5.083564e-06,5.249634e-06,1.6432905e-05,8.1118305e-05,3.0203088e-05,8.1118305e-05,0.00018248781,0.00013967496,4.9561266e-05,1.0330511e-05,0.00018248781,0.00013967496,0.00018248781,0.00018248781,0.00017391656,0.00017391656,0.000110252404,3.0203088e-05
2034-10-11 12:00:00,0.0,0.0,3.0086026e-06,1.5689448e-05,5.6596204e-05,3.1155683e-05,5.6596204e-05,0.00012667455,8.753141e-05,4.096193e-05,8.8751385e-06,0.00012667455,8.753141e-05,0.00012667455,0.00012667455,0.00010641312,0.00010641312,7.1767536e-05,3.1155683e-05
2034-10-12 12:00:00,0.0,0.0,9.849733e-07,5.1370866e-06,4.6543373e-05,1.020618e-05,4.6543373e-05,0.00013108675,8.671261e-05,2.4146455e-05,2.9049736e-06,0.00013108675,8.671261e-05,0.00013108675,0.00013108675,0.00010965286,0.00010965286,6.6696644e-05,1.020618e-05
2034-10-13 12:00:00,0.0,0.0,1.2680066e-08,6.613972e-08,3.5828503e-05,1.3146918e-07,3.5828503e-05,0.00011406078,7.406276e-05,1.3820426e-05,3.7389256e-08,0.00011406078,7.406276e-05,0.00011406078,0.00011406078,9.539329e-05,9.539329e-05,5.515988e-05,1.3146918e-07
2034-10-14 12:00:00,0.0,0.0,0.0,0.0,2.8191052e-05,0.0,2.8191052e-05,9.753147e-05,5.830597e-05,1.08215045e-05,0.0,9.753147e-05,5.830597e-05,9.753147e-05,9.753147e-05,7.509685e-05,7.509685e-05,4.3425327e-05,0.0
2034-10-15 12:00:00,0.0,0.0,2.2731405e-07,1.185923e-06,9.3480685e-06,2.3596058e-06,9.3480685e-06,3.2995806e-05,1.7074297e-05,5.047731e-06,6.699875e-07,3.2995806e-05,1.7074297e-05,3.2995806e-05,3.2995806e-05,2.1504624e-05,2.1504624e-05,1.3223546e-05,2.3596058e-06
2034-10-16 12:00:00,0.00020889421,0.00020889421,0.00019872696,0.00016594547,8.216161e-05,0.00013770211,8.216161e-05,5.0372382e-05,6.221865e-05,0.00010162035,0.00017570272,5.0372382e-05,6.221865e-05,5.0372382e-05,5.0372382e-05,5.707235e-05,5.707235e-05,7.038852e-05,0.00013770211
2034-10-17 12:00:00,4.1430885e-06,4.1430885e-06,1.3963295e-07,7.286004e-07,9.994172e-06,1.4510192e-06,9.994172e-06,2.7159556e-05,1.9222487e-05,4.74205e-06,4.1137775e-07,2.7159556e-05,1.9222487e-05,2.7159556e-05,2.7159556e-05,2.4441075e-05,2.4441075e-05,1.4647559e-05,1.4510192e-06
2034-10-18 12:00:00,4.334718e-05,4.334718e-05,3.6969275e-05,2.4535308e-05,1.4375665e-05,1.1608306e-05,1.4375665e-05,2.8580449e-05,2.305647e-05,9.815085e-06,2.9689676e-05,2.8580449e-05,2.305647e-05,2.8580449e-05,2.8580449e-05,2.8260643e-05,2.8260643e-05,1.8672428e-05,1.1608306e-05
2034-10-19 12:00:00,0.0001190501,0.0001190501,9.148858e-05,5.3048112e-05,5.9606053e-09,1.1748484e-05,5.9606053e-09,1.5885504e-08,1.22409265e-08,2.3008069e-09,6.9849186e-05,1.5885504e-08,1.22409265e-08,1.5885504e-08,1.5885504e-08,1.5739502e-08,1.5739502e-08,9.145204e-09,1.1748484e-05
2034-10-20 12:00:00,0.0002116913,0.0002116913,0.00021559726,0.00020462346,9.987356e-05,0.00020407878,9.987356e-05,1.8080234e-06,3.869438e-05,0.0001481588,0.0002019933,1.8080234e-06,3.869438e-05,1.8080234e-06,1.8080234e-06,1.41581095e-05,1.41581095e-05,6.617765e-05,0.00020407878
2034-10-21 12:00:00,0.00051209284,0.00051209284,0.00049778895,0.0003388969,6.253181e-05,0.00017536157,6.253181e-05,3.1589895e-08,2.3528904e-05,9.33093e-05,0.00040349603,3.1589895e-08,2.3528904e-05,3.1589895e-08,3.1589895e-08,7.861102e-06,7.861102e-06,4.1050414e-05,0.00017536157
2034-10-22 12:00:00,4.2582495e-05,4.2582495e-05,4.4397464e-05,5.24562e-05,3.352061e-05,6.493435e-05,3.352061e-05,9.372347e-07,1.3171163e-05,4.9694525e-05,4.6425976e-05,9.372347e-07,1.3171163e-05,9.372347e-07,9.372347e-07,5.074499e-06,5.074499e-06,2.2287593e-05,6.493435e-05
2034-10-23 12:00:00,9.533854e-05,9.533854e-05,4.7110992e-05,2.7314785e-05,0.0,6.0579177e-06,0.0,0.0,0.0,0.0,3.593404e-05,0.0,0.0,0.0,0.0,0.0,0.0,0.0,6.0579177e-06
2034-10-24 12:00:00,8.634087e-06,8.634087e-06,0.0,0.0,0.0,0.0,0.0,0.0,0.0,0.0,0.0,0.0,0.0,0.0,0.0,0.0,0.0,0.0,0.0
2034-10-25 12:00:00,0.0,0.0,0.0,0.0,0.0,0.0,0.0,0.0,0.0,0.0,0.0,0.0,0.0,0.0,0.0,0.0,0.0,0.0,0.0
2034-10-26 12:00:00,2.2214495e-05,2.2214495e-05,1.202685e-05,1.1928263e-05,6.105364e-06,1.2550055e-05,6.105364e-06,1.1005358e-09,2.275473e-06,9.167033e-06,1.1494634e-05,1.1005358e-09,2.275473e-06,1.1005358e-09,1.1005358e-09,7.5745214e-07,7.5745214e-07,3.9866277e-06,1.2550055e-05
2034-10-27 12:00:00,0.0,0.0,2.208732e-10,1.1519371e-09,1.2582347e-09,2.3013513e-09,1.2582347e-09,4.9755766e-10,4.679254e-10,1.8916348e-09,6.491333e-10,4.9755766e-10,4.679254e-10,4.9755766e-10,4.9755766e-10,1.5554166e-10,1.5554166e-10,8.2062374e-10,2.3013513e-09
2034-10-28 12:00:00,0.00013845447,0.00013845447,0.00013580821,0.00013261935,7.1943345e-05,0.00013721304,7.1943345e-05,1.5144658e-05,3.6285488e-05,0.000101818194,0.00012877655,1.5144658e-05,3.6285488e-05,1.5144658e-05,1.5144658e-05,2.3200208e-05,2.3200208e-05,5.1914896e-05,0.00013721304
2034-10-29 12:00:00,6.112568e-05,6.112568e-05,5.3822783e-05,4.619297e-05,1.9124966e-05,4.0265975e-05,1.9124966e-05,1.959254e-06,8.321506e-06,2.7985667e-05,4.803826e-05,1.959254e-06,8.321506e-06,1.959254e-06,1.959254e-06,4.2011584e-06,4.2011584e-06,1.30972385e-05,4.0265975e-05
2034-10-30 12:00:00,9.072312e-05,9.072312e-05,8.555709e-05,5.5260865e-05,6.9831026e-06,2.370064e-05,6.9831026e-06,0.0,2.5823333e-06,1.0537262e-05,6.7818415e-05,0.0,2.5823333e-06,0.0,0.0,8.575557e-07,8.575557e-07,4.53942e-06,2.370064e-05
2034-10-31 12:00:00,5.5894006e-06,5.5894006e-06,5.4132065e-06,3.1333645e-06,0.0,6.9569717e-07,0.0,1.1339721e-06,0.0,0.0,4.11964e-06,1.1339721e-06,0.0,1.1339721e-06,1.1339721e-06,0.0,0.0,0.0,6.9569717e-07
2034-11-01 12:00:00,8.065311e-06,8.065311e-06,7.671709e-06,4.556236e-06,1.425363e-07,1.2458624e-06,1.425363e-07,2.277027e-07,5.2575185e-08,2.1556417e-07,5.8916107e-06,2.277027e-07,5.2575185e-08,2.277027e-07,2.277027e-07,1.7521437e-08,1.7521437e-08,9.248675e-08,1.2458624e-06
2034-11-02 12:00:00,5.941321e-07,5.941321e-07,5.0534356e-07,2.9227553e-07,0.0,6.488232e-08,0.0,0.0,0.0,0.0,3.8433055e-07,0.0,0.0,0.0,0.0,0.0,0.0,0.0,6.488232e-08
2034-11-03 12:00:00,5.7169975e-05,5.7169975e-05,5.5091645e-05,4.5661393e-05,1.6707165e-05,3.7727303e-05,1.6707165e-05,0.0,6.1327673e-06,2.533268e-05,4.8372298e-05,0.0,6.1327673e-06,0.0,0.0,2.0344003e-06,2.0344003e-06,1.0813471e-05,3.7727303e-05
2034-11-04 12:00:00,8.4894623e-07,8.4894623e-07,7.425769e-07,4.2906308e-07,0.0,9.521162e-08,0.0,0.0,0.0,0.0,5.6435795e-07,0.0,0.0,0.0,0.0,0.0,0.0,0.0,9.521162e-08
2034-11-05 12:00:00,1.609193e-05,1.609193e-05,7.382114e-06,4.263032e-06,0.0,9.457362e-07,0.0,0.0,0.0,0.0,5.608342e-06,0.0,0.0,0.0,0.0,0.0,0.0,0.0,9.457362e-07
2034-11-06 12:00:00,1.3075359e-05,1.3075359e-05,1.8057553e-05,3.5140227e-05,3.1280426e-05,5.71306e-05,3.1280426e-05,4.087131e-06,1.4015819e-05,4.579506e-05,2.53301e-05,4.087131e-06,1.4015819e-05,4.087131e-06,4.087131e-06,7.656461e-06,7.656461e-06,2.1557504e-05,5.71306e-05
2034-11-07 12:00:00,9.513148e-07,9.513148e-07,0.0,0.0,0.0,0.0,0.0,0.0,0.0,0.0,0.0,0.0,0.0,0.0,0.0,0.0,0.0,0.0,0.0
2034-11-08 12:00:00,5.3783275e-05,5.3783275e-05,4.6890815e-05,2.727698e-05,2.9970792e-07,6.5446243e-06,2.9970792e-07,0.0,1.0907365e-07,4.5707688e-07,3.570035e-05,0.0,1.0907365e-07,0.0,0.0,3.6150404e-08,3.6150404e-08,1.9298957e-07,6.5446243e-06
2034-11-09 12:00:00,0.0,0.0,0.0,0.0,3.483445e-09,0.0,3.483445e-09,8.853159e-09,6.891149e-09,1.3788554e-09,0.0,8.853159e-09,6.891149e-09,8.853159e-09,8.853159e-09,8.808566e-09,8.808566e-09,5.2288165e-09,0.0
2034-11-10 12:00:00,0.0,0.0,0.0,0.0,1.37051e-07,0.0,1.37051e-07,2.814277e-06,2.7070303e-07,5.430879e-08,0.0,2.814277e-06,2.7070303e-07,2.814277e-06,2.814277e-06,3.459973e-07,3.459973e-07,2.055272e-07,0.0
2034-11-11 12:00:00,0.0,0.0,0.0,0.0,1.2223917e-06,0.0,1.2223917e-06,3.1900684e-06,2.4108547e-06,4.849199e-07,0.0,3.1900684e-06,2.4108547e-06,3.1900684e-06,3.1900684e-06,3.0812614e-06,3.0812614e-06,1.8314762e-06,0.0
2034-11-12 12:00:00,0.0,0.0,0.0,0.0,8.747646e-07,0.0,8.747646e-07,2.400209e-06,1.7227566e-06,3.4738912e-07,0.0,2.400209e-06,1.7227566e-06,2.400209e-06,2.400209e-06,2.2017666e-06,2.2017666e-06,1.3094756e-06,0.0
2034-11-13 12:00:00,0.0,0.0,0.0,0.0,6.95065e-09,0.0,6.95065e-09,2.335733e-08,1.3669508e-08,2.7631828e-09,0.0,2.335733e-08,1.3669508e-08,2.335733e-08,2.335733e-08,1.7470374e-08,1.7470374e-08,1.0395818e-08,0.0
2034-11-14 12:00:00,0.0,0.0,4.132342e-07,2.1327717e-06,8.033651e-06,4.2372485e-06,8.033651e-06,1.5039956e-05,1.2203391e-05,5.7322814e-06,1.2063676e-06,1.5039956e-05,1.2203391e-05,1.5039956e-05,1.5039956e-05,1.48356075e-05,1.48356075e-05,1.0101574e-05,4.2372485e-06
2034-11-15 12:00:00,1.6939071e-05,1.6939071e-05,2.0597943e-05,3.0463916e-05,3.8538e-05,4.3767446e-05,3.8538e-05,4.522498e-05,4.0541017e-05,4.026758e-05,2.4384333e-05,4.522498e-05,4.0541017e-05,4.522498e-05,4.522498e-05,4.4351596e-05,4.4351596e-05,3.8867456e-05,4.3767446e-05
2034-11-16 12:00:00,4.489667e-08,4.489667e-08,3.4527175e-06,1.7584058e-05,5.341235e-05,3.48306e-05,5.341235e-05,9.269184e-05,7.5443444e-05,4.2098978e-05,9.975633e-06,9.269184e-05,7.5443444e-05,9.269184e-05,9.269184e-05,9.0218426e-05,9.0218426e-05,6.4129534e-05,3.48306e-05
2034-11-17 12:00:00,5.890517e-07,5.890517e-07,1.0851271e-05,5.3209587e-05,0.00011925483,0.000104854254,0.00011925483,0.00017600672,0.0001457792,0.00011013021,3.0394342e-05,0.00017600672,0.0001457792,0.00017600672,0.00017600672,0.00016770988,0.00016770988,0.00013109355,0.000104854254
2034-11-18 12:00:00,0.0,0.0,0.0,0.0,1.2366935e-07,0.0,1.2366935e-07,5.313923e-06,2.4171612e-07,4.941486e-08,0.0,5.313923e-06,2.4171612e-07,5.313923e-06,5.313923e-06,3.0906259e-07,3.0906259e-07,1.842498e-07,0.0
2034-11-19 12:00:00,0.0,0.0,5.0028365e-07,2.5685279e-06,4.4291187e-06,5.079052e-06,4.4291187e-06,6.1134774e-06,4.42781e-06,4.7970034e-06,1.4570127e-06,6.1134774e-06,4.42781e-06,6.1134774e-06,6.1134774e-06,4.76306e-06,4.76306e-06,4.341742e-06,5.079052e-06
2034-11-20 12:00:00,8.840474e-07,8.840474e-07,0.0,0.0,0.0,0.0,0.0,3.4030333e-07,0.0,0.0,0.0,3.4030333e-07,0.0,3.4030333e-07,3.4030333e-07,0.0,0.0,0.0,0.0
2034-11-21 12:00:00,7.186142e-06,7.186142e-06,5.2050154e-06,4.160945e-06,5.039896e-06,3.2769033e-06,5.039896e-06,1.3639803e-05,7.622431e-06,3.601644e-06,4.4935227e-06,1.3639803e-05,7.622431e-06,1.3639803e-05,1.3639803e-05,9.283295e-06,9.283295e-06,6.3196494e-06,3.2769033e-06
2034-11-22 12:00:00,0.0,0.0,0.0,0.0,6.589289e-08,0.0,6.589289e-08,5.4541675e-07,1.2826625e-07,2.6431762e-08,0.0,5.4541675e-07,1.2826625e-07,5.4541675e-07,5.4541675e-07,1.6413925e-07,1.6413925e-07,9.790962e-08,0.0
2034-11-23 12:00:00,3.2845903e-05,3.2845903e-05,2.734262e-05,1.552459e-05,8.989868e-07,3.395146e-06,8.989868e-07,2.495845e-06,1.748347e-06,3.60959e-07,2.060426e-05,2.495845e-06,1.748347e-06,2.495845e-06,2.495845e-06,2.2379102e-06,2.2379102e-06,1.3349713e-06,3.395146e-06
2034-11-24 12:00:00,2.7814245e-05,2.7814245e-05,2.7396063e-05,1.9301304e-05,4.300776e-06,1.16176825e-05,4.300776e-06,3.9692762e-07,1.5349053e-06,6.667041e-06,2.2420294e-05,3.9692762e-07,1.5349053e-06,3.9692762e-07,3.9692762e-07,5.0951235e-07,5.0951235e-07,2.735438e-06,1.16176825e-05
2034-11-25 12:00:00,2.7719634e-06,2.7719634e-06,3.5312494e-06,8.16157e-06,7.0153815e-06,1.3876624e-05,7.0153815e-06,0.0,2.501565e-06,1.08856275e-05,5.5831842e-06,0.0,2.501565e-06,0.0,0.0,8.306475e-07,8.306475e-07,4.4593867e-06,1.3876624e-05
2034-11-26 12:00:00,6.340505e-05,6.340505e-05,5.670284e-05,5.2469477e-05,2.381358e-05,5.141422e-05,2.381358e-05,1.6709273e-06,9.541146e-06,3.6218695e-05,5.235303e-05,1.6709273e-06,9.541146e-06,1.6709273e-06,1.6709273e-06,4.3977093e-06,4.3977093e-06,1.5693811e-05,5.141422e-05
2034-11-27 12:00:00,4.335705e-05,4.335705e-05,4.4730958e-05,5.6882658e-05,3.6985588e-05,7.426593e-05,3.6985588e-05,3.7795041e-06,1.5103806e-05,5.609003e-05,4.866846e-05,3.7795041e-06,1.5103806e-05,3.7795041e-06,3.7795041e-06,7.271526e-06,7.271526e-06,2.4519657e-05,7.426593e-05
2034-11-28 12:00:00,3.6178856e-06,3.6178856e-06,0.0,0.0,0.0,0.0,0.0,0.0,0.0,0.0,0.0,0.0,0.0,0.0,0.0,0.0,0.0,0.0,0.0
2034-11-29 12:00:00,4.4214266e-06,4.4214266e-06,0.0,0.0,0.0,0.0,0.0,0.0,0.0,0.0,0.0,0.0,0.0,0.0,0.0,0.0,0.0,0.0,0.0
2034-11-30 12:00:00,0.0,0.0,0.0,0.0,0.0,0.0,0.0,0.0,0.0,0.0,0.0,0.0,0.0,0.0,0.0,0.0,0.0,0.0,0.0
2034-12-01 12:00:00,0.0,0.0,0.0,0.0,0.0,0.0,0.0,0.0,0.0,0.0,0.0,0.0,0.0,0.0,0.0,0.0,0.0,0.0,0.0
2034-12-02 12:00:00,0.0,0.0,0.0,0.0,0.0,0.0,0.0,0.0,0.0,0.0,0.0,0.0,0.0,0.0,0.0,0.0,0.0,0.0,0.0
2034-12-03 12:00:00,1.3841961e-06,1.3841961e-06,0.0,0.0,0.0,0.0,0.0,0.0,0.0,0.0,0.0,0.0,0.0,0.0,0.0,0.0,0.0,0.0,0.0
2034-12-04 12:00:00,8.070033e-05,8.070033e-05,7.47738e-05,6.26757e-05,2.604251e-05,5.3803957e-05,2.604251e-05,7.668463e-06,1.4042652e-05,3.7213107e-05,6.5987886e-05,7.668463e-06,1.4042652e-05,7.668463e-06,7.668463e-06,1.03049815e-05,1.03049815e-05,1.9053325e-05,5.3803957e-05
2034-12-05 12:00:00,6.1385986e-06,6.1385986e-06,8.292705e-06,1.530464e-05,1.6052703e-05,2.3932236e-05,1.6052703e-05,1.0799171e-05,1.2451057e-05,2.0152795e-05,1.131479e-05,1.0799171e-05,1.2451057e-05,1.0799171e-05,1.0799171e-05,1.2051701e-05,1.2051701e-05,1.3775923e-05,2.3932236e-05
2034-12-06 12:00:00,4.1952044e-05,4.1952044e-05,3.9285824e-05,3.100868e-05,9.9344325e-06,2.41598e-05,9.9344325e-06,6.010332e-10,3.5092687e-06,1.5586265e-05,3.375716e-05,6.010332e-10,3.5092687e-06,6.010332e-10,6.010332e-10,1.1702822e-06,1.1702822e-06,6.2731297e-06,2.41598e-05
2034-12-07 12:00:00,0.00029015465,0.00029015465,0.000286142,0.00028526888,0.00014630274,0.0003034492,0.00014630274,2.2640137e-05,6.5844986e-05,0.00021924064,0.00027435395,2.2640137e-05,6.5844986e-05,2.2640137e-05,2.2640137e-05,3.8560025e-05,3.8560025e-05,9.994467e-05,0.0003034492
2034-12-08 12:00:00,0.00022644261,0.00022644261,0.00022124602,0.00019368123,8.9350804e-05,0.00017697811,8.9350804e-05,3.1836276e-05,5.148276e-05,0.00012563354,0.00019927302,3.1836276e-05,5.148276e-05,3.1836276e-05,3.1836276e-05,4.051557e-05,4.051557e-05,6.706446e-05,0.00017697811
2034-12-09 12:00:00,0.0,0.0,3.0879434e-08,1.5478885e-07,2.3954237e-07,2.9784084e-07,2.3954237e-07,2.7146125e-06,2.2550893e-07,2.7186846e-07,8.909589e-08,2.7146125e-06,2.2550893e-07,2.7146125e-06,2.7146125e-06,2.4013963e-07,2.4013963e-07,2.2670979e-07,2.9784084e-07
2034-12-10 12:00:00,0.0,0.0,0.0,0.0,3.3242927e-07,0.0,3.3242927e-07,1.6119993e-06,6.3627414e-07,1.3584163e-07,0.0,1.6119993e-06,6.3627414e-07,1.6119993e-06,1.6119993e-06,8.191529e-07,8.191529e-07,4.8823136e-07,0.0
2034-12-11 12:00:00,9.662887e-06,9.662887e-06,9.402753e-06,5.8248183e-06,6.4426956e-07,2.3896346e-06,6.4426956e-07,5.5041494e-10,2.2618205e-07,1.0167081e-06,7.3158703e-06,5.5041494e-10,2.2618205e-07,5.5041494e-10,5.5041494e-10,7.5513576e-08,7.5513576e-08,4.051538e-07,2.3896346e-06
2034-12-12 12:00:00,1.3409057e-05,1.3409057e-05,1.4355016e-05,1.4612526e-05,7.1270197e-06,1.5836578e-05,7.1270197e-06,1.6049626e-09,2.4993562e-06,1.1260312e-05,1.39179465e-05,1.6049626e-09,2.4993562e-06,1.6049626e-09,1.6049626e-09,8.3580704e-07,8.3580704e-07,4.478063e-06,1.5836578e-05
2034-12-13 12:00:00,4.8231266e-07,4.8231266e-07,1.4976257e-08,8.310044e-09,0.0,1.7671701e-09,0.0,0.0,0.0,0.0,1.1187712e-08,0.0,0.0,0.0,0.0,0.0,0.0,0.0,1.7671701e-09
2034-12-14 12:00:00,1.8290564e-06,1.8290564e-06,4.1593657e-07,2.3060856e-07,0.0,4.8979334e-08,0.0,0.0,0.0,0.0,3.1062712e-07,0.0,0.0,0.0,0.0,0.0,0.0,0.0,4.8979334e-08
2034-12-15 12:00:00,4.9011003e-05,4.9011003e-05,5.318396e-05,5.7108893e-05,3.0141997e-05,6.489487e-05,3.0141997e-05,1.9834251e-06,1.1753514e-05,4.687323e-05,5.3012976e-05,1.9834251e-06,1.1753514e-05,1.9834251e-06,1.9834251e-06,5.37867e-06,5.37867e-06,1.9542862e-05,6.489487e-05
2034-12-16 12:00:00,1.3446383e-05,1.3446383e-05,2.8585157e-05,8.540502e-05,0.00022944281,0.00015079169,0.00022944281,0.00040886953,0.00032097302,0.00018107035,5.484024e-05,0.00040886953,0.00032097302,0.00040886953,0.00040886953,0.00038921376,0.00038921376,0.00027346108,0.00015079169
2034-12-17 12:00:00,0.00014861267,0.00014861267,0.0001950328,0.00036786692,0.00046960273,0.0005731007,0.00046960273,0.00050725,0.00046522223,0.00051641325,0.0002707695,0.00050725,0.00046522223,0.00050725,0.00050725,0.0005087699,0.0005087699,0.00045627917,0.0005731007
2034-12-18 12:00:00,8.68715e-05,8.68715e-05,0.00011272429,0.00021974396,0.00022509943,0.0003460389,0.00022509943,0.00014744887,0.00017020034,0.00028796733,0.0001599581,0.00014744887,0.00017020034,0.00014744887,0.00014744887,0.00016468736,0.00016468736,0.00019017019,0.0003460389
2034-12-19 12:00:00,1.5878002e-05,1.5878002e-05,1.716689e-05,2.3869716e-05,2.0147256e-05,3.2387066e-05,2.0147256e-05,1.2676033e-05,1.4808864e-05,2.611121e-05,1.9738505e-05,1.2676033e-05,1.4808864e-05,1.2676033e-05,1.2676033e-05,1.4120285e-05,1.4120285e-05,1.6785962e-05,3.2387066e-05
2034-12-20 12:00:00,8.335735e-06,8.335735e-06,6.457068e-06,7.368859e-06,4.166403e-06,8.777252e-06,4.166403e-06,5.000136e-07,1.7500203e-06,6.415532e-06,6.6490347e-06,5.000136e-07,1.7500203e-06,5.000136e-07,5.000136e-07,9.509861e-07,9.509861e-07,2.760134e-06,8.777252e-06
2034-12-21 12:00:00,6.279544e-05,6.279544e-05,5.291266e-05,4.1005216e-05,1.260556e-05,3.101683e-05,1.260556e-05,8.974749e-07,4.8975244e-06,1.9737621e-05,4.5142653e-05,8.974749e-07,4.8975244e-06,8.974749e-07,8.974749e-07,2.2934967e-06,2.2934967e-06,8.129735e-06,3.101683e-05
2034-12-22 12:00:00,3.040551e-06,3.040551e-06,5.8744163e-06,2.3717947e-05,2.500236e-05,4.383455e-05,2.500236e-05,1.646266e-05,1.43886955e-05,3.5546997e-05,1.4256664e-05,1.646266e-05,1.43886955e-05,1.646266e-05,1.646266e-05,1.1601945e-05,1.1601945e-05,1.86463e-05,4.383455e-05
2034-12-23 12:00:00,3.4127985e-05,3.4127985e-05,3.5903162e-05,3.437915e-05,1.6692205e-05,3.4844197e-05,1.6692205e-05,4.456805e-06,8.2534325e-06,2.4806752e-05,3.3794113e-05,4.456805e-06,8.2534325e-06,4.456805e-06,4.456805e-06,5.7314974e-06,5.7314974e-06,1.17075e-05,3.4844197e-05
2034-12-24 12:00:00,2.1155713e-05,2.1155713e-05,2.1500044e-05,1.7914885e-05,6.624961e-06,1.5232055e-05,6.624961e-06,9.853374e-07,2.8759562e-06,1.0168033e-05,1.8947736e-05,9.853374e-07,2.8759562e-06,9.853374e-07,9.853374e-07,1.6821334e-06,1.6821334e-06,4.4261133e-06,1.5232055e-05
2034-12-25 12:00:00,2.4978485e-06,2.4978485e-06,3.2490375e-06,6.0080206e-06,4.316788e-06,9.245765e-06,4.316788e-06,0.0,1.4660471e-06,6.954096e-06,4.455879e-06,0.0,1.4660471e-06,0.0,0.0,4.8907225e-07,4.8907225e-07,2.659674e-06,9.245765e-06
2034-12-26 12:00:00,3.8737855e-07,3.8737855e-07,3.8309724e-07,2.6836895e-07,5.8148814e-08,1.6427614e-07,5.8148814e-08,0.0,1.9678096e-08,9.383517e-08,3.130749e-07,0.0,1.9678096e-08,0.0,0.0,6.5614705e-09,6.5614705e-09,3.5751597e-08,1.6427614e-07
2034-12-27 12:00:00,1.5267997e-05,1.5267997e-05,1.2202944e-05,7.1331424e-06,4.0814186e-07,2.25466e-06,4.0814186e-07,5.419482e-09,1.4101343e-07,6.570451e-07,9.289364e-06,5.419482e-09,1.4101343e-07,5.419482e-09,5.419482e-09,5.0969646e-08,5.0969646e-08,2.5224884e-07,2.25466e-06
2034-12-28 12:00:00,5.566245e-05,5.566245e-05,5.010082e-05,2.8132721e-05,4.87677e-07,6.823501e-06,4.87677e-07,0.0,1.6378058e-07,7.897304e-07,3.7581056e-05,0.0,1.6378058e-07,0.0,0.0,5.454801e-08,5.454801e-08,2.9850048e-07,6.823501e-06
2034-12-29 12:00:00,8.686668e-06,8.686668e-06,8.301366e-06,4.582651e-06,0.0,9.631927e-07,0.0,0.0,0.0,0.0,6.1887076e-06,0.0,0.0,0.0,0.0,0.0,0.0,0.0,9.631927e-07
2034-12-30 12:00:00,0.0001168281,0.0001168281,0.000106119965,7.931322e-05,2.542128e-05,5.585423e-05,2.542128e-05,1.1719653e-05,1.5191387e-05,3.5845675e-05,8.910627e-05,1.1719653e-05,1.5191387e-05,1.1719653e-05,1.1719653e-05,1.2879836e-05,1.2879836e-05,1.917484e-05,5.585423e-05
2034-12-31 12:00:00,0.00015407716,0.00015407716,0.00017039564,0.00022832729,0.00017625923,0.00030186656,0.00017625923,0.000102301805,0.00011945616,0.00023705166,0.00019174421,0.000102301805,0.00011945616,0.000102301805,0.000102301805,0.00011065278,0.00011065278,0.00014063228,0.00030186656
